"uid","dt","device","spent"
"1000039","2023-02-04","A","36.65"
"1000045","2023-01-30","I","51.58"
"1000071","2023-02-02","I","6.71"
"1000101","2023-02-02","A","18.13"
"1000101","2023-02-05","A","5.674496940652932"
"1000123","2023-01-26","I","100.74"
"1000141","2023-01-25","A","11.49"
"1000160","2023-01-29","A","35.34"
"1000162","2023-01-27","A","52.92"
"1000185","2023-02-06","I","53.07"
"1000200","2023-01-26","I","166.32"
"1000237","2023-01-29","I","13.17"
"1000253","2023-02-06","A","40.32"
"1000261","2023-01-25","A","205.98"
"1000269","2023-01-25","A","116.29"
"1000415","2023-02-05","I","57.69"
"1000417","2023-02-04","A","45.06"
"1000436","2023-01-29","A","25.55"
"1000454","2023-02-03","I","39.09"
"1000510","2023-02-02","A","16.92"
"1000523","2023-02-04","A","89.64"
"1000546","2023-01-29","A","61.12"
"1000579","2023-02-04","A","117.79"
"1000601","2023-01-25","A","10.79"
"1000623","2023-01-27","A","61.29"
"1000635","2023-01-25","I","69.21"
"1000653","2023-02-06","I","61.84"
"1000669","2023-01-29","I","176.83"
"1000675","2023-01-25","A","68.34"
"1000857","2023-01-28","I","8.33"
"1000863","2023-01-30","I","45.91"
"1000868","2023-01-29","I","45.92"
"1000883","2023-01-26","A","65.1"
"1000908","2023-01-26","I","78.7"
"1000930","2023-01-27","A","114.56"
"1000937","2023-01-27","null","122.28"
"1000938","2023-01-27","I","48.48"
"1000945","2023-02-01","I","41.06"
"1001016","2023-01-25","A","63.01"
"1001037","2023-01-31","I","879.0999999999999"
"1001039","2023-02-06","I","31.45"
"1001052","2023-01-25","I","47.86"
"1001090","2023-01-27","I","84.51"
"1001091","2023-01-28","I","47.78"
"1001128","2023-01-28","I","35.57"
"1001137","2023-01-27","I","101.75"
"1001155","2023-02-04","A","58.76"
"1001185","2023-01-28","A","14.56"
"1001185","2023-02-02","A","2.6266703748025315"
"1001200","2023-01-27","A","24.47"
"1001206","2023-01-27","I","67.11"
"1001248","2023-01-25","I","48.6"
"1001298","2023-01-28","I","75.93"
"1001424","2023-01-29","A","69.73"
"1001425","2023-01-25","A","309.8"
"1001461","2023-01-29","I","50.02"
"1001477","2023-01-25","I","106.65"
"1001493","2023-01-26","I","16.78"
"1001500","2023-01-31","I","42.32"
"1001500","2023-02-05","I","31.89630117543568"
"1001501","2023-02-06","A","126.67"
"1001531","2023-01-31","I","45.89"
"1001541","2023-01-28","A","79.98"
"1001591","2023-01-26","A","76.73"
"1001606","2023-01-27","I","18.63"
"1001622","2023-02-03","A","66.1"
"1001656","2023-01-26","A","42.08"
"1001682","2023-01-28","I","23.51"
"1001685","2023-01-29","A","83.37"
"1001723","2023-01-28","A","58.34"
"1001725","2023-01-30","I","38.55"
"1001728","2023-01-26","I","107.63"
"1001767","2023-02-06","A","52.4871781121978"
"1001811","2023-01-25","A","126.86"
"1001827","2023-01-31","I","122.48"
"1001833","2023-01-29","A","111.02"
"1001842","2023-02-01","A","45.97"
"1001855","2023-01-25","A","96.6"
"1001855","2023-01-28","A","53.99368738651961"
"1001933","2023-02-02","I","36.2"
"1001934","2023-01-26","A","105.29"
"1001946","2023-01-26","I","115.92"
"1001949","2023-01-25","A","74.71"
"1001962","2023-01-27","A","138.38"
"1001975","2023-01-27","A","61.1"
"1001993","2023-02-04","I","58.66"
"1002010","2023-01-29","A","45.23"
"1002055","2023-02-04","I","28.77"
"1002056","2023-01-26","A","55.48"
"1002061","2023-01-31","A","67.95"
"1002070","2023-01-26","I","49.39"
"1002163","2023-02-02","A","274.29"
"1002198","2023-01-25","I","34.59"
"1002223","2023-01-25","A","41.45"
"1002263","2023-01-26","I","54.28"
"1002316","2023-01-28","I","126.25"
"1002348","2023-01-26","I","26.69"
"1002400","2023-01-25","A","28.3"
"1002430","2023-01-25","A","38.94"
"1002492","2023-02-04","A","188.92"
"1002509","2023-01-27","I","46.55"
"1002531","2023-01-25","A","30.77"
"1002535","2023-02-02","A","109.17"
"1002550","2023-01-25","I","125.83"
"1002553","2023-01-26","I","37.13"
"1002557","2023-01-28","I","41.62"
"1002572","2023-02-06","A","50.5"
"1002664","2023-02-03","I","88.79"
"1002664","2023-02-04","I","27.838385031132844"
"1002727","2023-01-26","I","31.59"
"1002748","2023-02-04","A","59.33"
"1002751","2023-01-26","I","111.81"
"1002779","2023-01-31","I","27.64"
"1002794","2023-01-26","A","17.17"
"1002807","2023-02-02","A","178.88"
"1002814","2023-01-31","I","78.81"
"1002873","2023-02-06","I","92.72"
"1002892","2023-02-02","A","54.37"
"1002937","2023-01-25","A","29.14"
"1002977","2023-01-30","A","15.6"
"1002977","2023-02-04","A","11.852108573064816"
"1002983","2023-02-01","I","46.68"
"1002988","2023-01-30","I","120.05"
"1002988","2023-02-01","I","51.566548420719805"
"1002992","2023-01-25","I","25.8"
"1002998","2023-01-25","A","71.48"
"1003011","2023-01-31","A","18.9"
"1003061","2023-01-26","I","135.31"
"1003105","2023-01-25","A","74.87"
"1003127","2023-02-05","I","139.73"
"1003142","2023-01-31","I","77.71"
"1003148","2023-01-30","I","182.71"
"1003153","2023-01-26","A","79.76"
"1003168","2023-01-29","I","91.16"
"1003174","2023-01-28","I","100.82"
"1003174","2023-01-30","I","86.70122870620465"
"1003206","2023-01-30","A","50.03"
"1003221","2023-01-26","I","73.97"
"1003248","2023-02-03","A","59.93"
"1003280","2023-01-26","I","8.33"
"1003347","2023-01-31","I","105.51"
"1003376","2023-01-25","A","67.36"
"1003395","2023-01-29","I","102.44"
"1003440","2023-02-01","I","172.96"
"1003452","2023-02-05","I","46.62"
"1003488","2023-01-26","I","255.66"
"1003516","2023-01-30","A","61.73"
"1003519","2023-01-25","A","37.96"
"1003569","2023-01-26","A","41.89"
"1003595","2023-02-01","I","18.11"
"1003616","2023-01-26","A","84.2"
"1003640","2023-01-27","A","16.62"
"1003663","2023-01-25","I","164.36"
"1003681","2023-02-04","A","22.51"
"1003697","2023-01-25","I","85.52"
"1003699","2023-01-26","A","7.54"
"1003759","2023-02-01","I","12.27"
"1003766","2023-01-28","I","83.97"
"1003802","2023-01-25","A","38.98"
"1003816","2023-02-06","A","173.55"
"1003823","2023-01-26","I","40.21"
"1003831","2023-01-27","I","46.81"
"1003875","2023-01-26","I","233.25"
"1003914","2023-01-25","I","93.94"
"1003930","2023-01-28","A","80.17"
"1003941","2023-01-27","null","844.7"
"1003959","2023-01-30","I","19.06"
"1004013","2023-02-05","I","22.98"
"1004042","2023-01-27","A","56.62"
"1004076","2023-01-26","I","64.31"
"1004076","2023-01-27","I","33.36616828448798"
"1004078","2023-01-27","A","160.82"
"1004090","2023-01-27","I","37.06"
"1004090","2023-02-01","I","14.526966130937174"
"1004101","2023-01-27","A","79.23"
"1004106","2023-01-31","A","49.55"
"1004128","2023-01-30","A","15.46"
"1004133","2023-01-26","A","190.37"
"1004134","2023-02-03","I","50.37"
"1004174","2023-01-27","I","42.54"
"1004201","2023-01-26","A","74.15"
"1004202","2023-01-28","I","67.12"
"1004239","2023-01-25","I","22.73"
"1004241","2023-01-26","A","95.01"
"1004270","2023-01-26","I","19.94"
"1004284","2023-01-28","I","77.25"
"1004313","2023-01-25","I","105.71"
"1004324","2023-02-01","A","56.25"
"1004325","2023-01-29","A","161.46"
"1004362","2023-01-28","A","92.13"
"1004444","2023-01-26","I","52.6"
"1004454","2023-02-03","I","75.07"
"1004456","2023-01-28","I","29.21"
"1004512","2023-02-05","A","49.17"
"1004532","2023-01-30","I","51.2"
"1004578","2023-01-28","I","17.49"
"1004612","2023-01-25","A","27.62"
"1004623","2023-02-04","A","39.16"
"1004743","2023-02-06","A","71.8"
"1004746","2023-02-06","A","64.58"
"1004755","2023-02-04","I","77.39"
"1004772","2023-01-25","A","128.91"
"1004774","2023-02-03","A","63.59"
"1004777","2023-01-27","A","32.54"
"1004782","2023-01-26","A","145.6"
"1004828","2023-01-27","A","33.68"
"1004843","2023-01-27","A","144.72"
"1004849","2023-02-02","I","12.58"
"1004897","2023-01-29","I","116.22"
"1004902","2023-01-28","I","35.86"
"1004908","2023-01-30","A","41.89"
"1004930","2023-01-31","I","21.36"
"1004985","2023-01-27","A","73.98"
"1004990","2023-02-01","null","141"
"1004990","2023-02-03","null","44.04360487098238"
"1005021","2023-01-27","I","53.21"
"1005045","2023-02-06","A","119.72"
"1005080","2023-01-27","A","57.31"
"1005084","2023-01-28","I","147.63"
"1005100","2023-01-25","I","71.97"
"1005159","2023-01-28","A","60.23"
"1005162","2023-01-27","A","74.95"
"1005204","2023-02-06","I","10.52"
"1005242","2023-01-29","A","46.48"
"1005242","2023-02-01","A","5.148299097968055"
"1005248","2023-02-03","I","59.22"
"1005286","2023-01-27","I","46.26"
"1005294","2023-01-26","A","46.14"
"1005312","2023-01-27","A","85.32"
"1005381","2023-01-26","A","17.35"
"1005381","2023-01-28","A","5.944493784412268"
"1005391","2023-01-31","A","54.11"
"1005432","2023-02-02","A","65.36"
"1005514","2023-01-27","A","50.81"
"1005530","2023-02-05","I","35.57"
"1005563","2023-01-28","I","106.92"
"1005593","2023-01-25","I","114.15"
"1005662","2023-01-31","I","58.1"
"1005676","2023-02-02","A","52.34"
"1005676","2023-02-03","A","7.7923786251987055"
"1005689","2023-01-25","I","33.52"
"1005712","2023-01-28","I","162.6"
"1005742","2023-01-26","A","52.04"
"1005760","2023-02-03","A","42.82"
"1005793","2023-02-05","I","56.73"
"1005816","2023-02-01","I","43.52"
"1005820","2023-01-31","I","61.56"
"1005885","2023-01-26","I","176.76"
"1005885","2023-01-29","I","45.093700997372025"
"1005912","2023-01-25","I","47.43"
"1005931","2023-01-31","A","68.31"
"1005960","2023-01-30","I","89.59"
"1005994","2023-02-05","A","8.69"
"1005999","2023-01-26","A","44.29"
"1006030","2023-01-28","A","55.99"
"1006106","2023-01-27","I","40.74"
"1006113","2023-01-29","I","11.76"
"1006119","2023-01-27","I","57.5"
"1006127","2023-01-25","I","100.34"
"1006140","2023-02-06","A","87.7"
"1006149","2023-01-25","A","18.33"
"1006152","2023-01-31","A","61.54"
"1006156","2023-01-28","A","47.84"
"1006156","2023-02-01","A","29.4949166464439"
"1006191","2023-01-26","A","29.97"
"1006224","2023-02-05","A","59.97"
"1006239","2023-01-25","A","118.93"
"1006245","2023-01-27","I","34.08"
"1006254","2023-02-06","I","70.65"
"1006261","2023-02-06","A","81.83"
"1006270","2023-01-29","A","21.18"
"1006280","2023-01-27","I","72.31"
"1006290","2023-01-26","I","215.99"
"1006365","2023-01-26","A","33.83"
"1006366","2023-01-28","I","116.95"
"1006370","2023-01-28","A","67.62"
"1006403","2023-02-01","I","62.27"
"1006417","2023-01-25","I","58.12"
"1006421","2023-01-27","I","22.74"
"1006499","2023-02-06","I","36.43"
"1006543","2023-01-28","I","11.39"
"1006549","2023-01-28","I","31.61"
"1006564","2023-02-02","I","67.31"
"1006564","2023-02-03","I","27.938206472303413"
"1006570","2023-01-28","A","15.12"
"1006595","2023-01-26","I","19.1"
"1006628","2023-01-30","I","24.14"
"1006671","2023-01-26","A","45.1"
"1006679","2023-01-31","I","42.57"
"1006774","2023-01-25","A","75.51"
"1006799","2023-01-27","I","149.82"
"1006811","2023-01-26","I","42.42"
"1006830","2023-02-01","A","8.81"
"1006865","2023-01-29","A","20.75"
"1006869","2023-01-29","I","29.33"
"1006874","2023-02-06","A","64.85"
"1006877","2023-01-30","A","37.16"
"1006881","2023-02-06","I","40.38"
"1006936","2023-01-27","I","40.23"
"1007038","2023-02-03","A","99.02"
"1007049","2023-01-25","A","74.47"
"1007136","2023-01-25","A","85.12"
"1007150","2023-02-06","I","64.2"
"1007218","2023-01-26","A","65.8"
"1007218","2023-01-27","A","22.19417032591272"
"1007230","2023-02-06","A","75.19"
"1007236","2023-01-28","I","63.35"
"1007249","2023-01-28","I","176.88"
"1007297","2023-01-30","I","104.43"
"1007351","2023-02-03","I","85.45"
"1007388","2023-01-28","A","15.07"
"1007403","2023-01-26","A","96.62"
"1007467","2023-01-28","A","70.83"
"1007502","2023-01-26","A","156.73"
"1007530","2023-01-29","I","20.44"
"1007536","2023-01-29","I","71.01"
"1007552","2023-02-06","A","91.24"
"1007566","2023-01-26","A","41.8"
"1007616","2023-01-25","A","136.76"
"1007619","2023-01-27","A","60.16"
"1007619","2023-01-28","A","44.490830205280936"
"1007625","2023-02-02","I","99.44"
"1007625","2023-02-06","I","3.941679991948978"
"1007651","2023-02-06","A","54.81704500186865"
"1007654","2023-01-27","I","40.53"
"1007674","2023-01-28","A","86.18"
"1007679","2023-01-27","I","55.15"
"1007688","2023-01-27","I","95.57"
"1007690","2023-02-03","A","36.37"
"1007696","2023-01-29","A","49.89"
"1007778","2023-01-31","I","101.27"
"1007779","2023-01-26","A","26.13"
"1007782","2023-01-30","I","111.73"
"1007838","2023-01-29","A","80.61"
"1007858","2023-02-04","I","33.42"
"1007878","2023-01-30","A","177.72"
"1007891","2023-02-03","A","16.9"
"1007901","2023-01-28","A","47.3"
"1007908","2023-01-31","I","52.27"
"1007930","2023-02-03","A","81.66"
"1007932","2023-01-28","I","36.34"
"1007936","2023-01-25","I","55.27"
"1007937","2023-01-30","I","70.07"
"1007984","2023-01-27","A","58.7"
"1008012","2023-01-31","I","23.95"
"1008073","2023-01-26","I","34.25"
"1008075","2023-01-25","I","84.71"
"1008085","2023-01-27","A","1266.8000000000002"
"1008096","2023-01-25","I","23.94"
"1008105","2023-01-28","I","121.02"
"1008119","2023-01-26","I","59.01"
"1008155","2023-01-26","A","15.8"
"1008167","2023-02-02","A","30.34"
"1008167","2023-02-04","A","26.51081022710191"
"1008173","2023-02-03","A","46.01"
"1008173","2023-02-04","A","37.85747865687552"
"1008181","2023-02-04","A","26.2"
"1008198","2023-02-03","A","771.9"
"1008229","2023-01-27","A","77.06"
"1008271","2023-01-28","A","50.41"
"1008274","2023-01-25","A","63.88"
"1008347","2023-01-25","A","56.01"
"1008390","2023-01-28","A","41.42"
"1008392","2023-01-26","A","135.5"
"1008409","2023-02-03","A","147.05"
"1008410","2023-01-29","I","110.19"
"1008419","2023-02-03","I","80.57"
"1008420","2023-02-03","I","43.32"
"1008421","2023-01-25","I","22.23"
"1008476","2023-02-04","A","35.6"
"1008497","2023-02-05","A","23.65"
"1008497","2023-02-06","A","15.186736898065217"
"1008511","2023-01-29","I","48.16"
"1008529","2023-01-29","I","54.89"
"1008546","2023-01-25","I","99.41"
"1008575","2023-02-01","I","18.83"
"1008665","2023-02-06","A","58.9"
"1008685","2023-02-02","A","4.08645303876167"
"1008685","2023-02-03","A","26.98"
"1008689","2023-01-25","A","71.05"
"1008723","2023-01-26","I","141.28"
"1008724","2023-01-25","A","89.31"
"1008729","2023-01-29","A","20.91"
"1008745","2023-01-25","I","26.52"
"1008807","2023-01-31","I","88.6"
"1008817","2023-02-05","I","78.42"
"1008820","2023-02-06","I","8.19"
"1008885","2023-01-26","A","152.41"
"1008908","2023-01-27","I","71.38"
"1008910","2023-01-28","A","112.14"
"1008920","2023-01-29","A","123.7"
"1008948","2023-01-31","I","19.98"
"1008954","2023-01-25","A","50.53"
"1008965","2023-01-31","I","91.83"
"1008965","2023-02-01","I","57.58095584660367"
"1009034","2023-01-27","I","9.58"
"1009065","2023-01-26","A","102.57"
"1009074","2023-01-30","A","106.38"
"1009105","2023-01-25","I","158.77"
"1009142","2023-01-25","A","12.98"
"1009201","2023-02-04","A","157.13"
"1009232","2023-02-02","I","454.2000000000001"
"1009242","2023-01-30","I","88.94"
"1009245","2023-01-25","I","16.03"
"1009254","2023-01-29","I","125.9"
"1009266","2023-01-29","A","23.81"
"1009288","2023-01-25","I","1094.8"
"1009293","2023-02-05","I","57.91"
"1009333","2023-02-03","I","96.79"
"1009337","2023-01-31","I","123.5"
"1009420","2023-01-31","A","91.77"
"1009447","2023-01-28","A","89.59"
"1009458","2023-01-25","I","72.78"
"1009476","2023-01-26","I","101.56"
"1009482","2023-01-27","I","41.26"
"1009512","2023-01-26","I","64.97"
"1009512","2023-01-27","I","22.91811534774437"
"1009587","2023-01-30","A","7.89"
"1009595","2023-01-28","I","56.79"
"1009596","2023-02-03","I","38.52"
"1009599","2023-01-25","I","86.33"
"1009627","2023-02-01","I","153.94"
"1009633","2023-01-25","I","61.91"
"1009672","2023-01-26","A","101.1"
"1009686","2023-01-28","I","49.27"
"1009783","2023-02-02","A","39.24"
"1009810","2023-01-25","I","854.8000000000001"
"1009816","2023-01-29","I","31.48"
"1009818","2023-01-26","I","25.35"
"1009818","2023-01-29","I","14.492330160358035"
"1009830","2023-01-29","I","57.99"
"1009852","2023-01-30","A","22"
"1009906","2023-01-29","I","111.6"
"1009949","2023-01-25","A","45.57"
"1009958","2023-01-31","A","48.31"
"1009982","2023-01-30","A","75.44"
"1010014","2023-02-05","I","24.27"
"1010057","2023-01-27","I","35.21"
"1010063","2023-01-25","I","26.77"
"1010091","2023-01-25","A","55.83"
"1010155","2023-01-25","I","62.18"
"1010183","2023-01-29","A","49.26"
"1010259","2023-01-26","I","84.43"
"1010292","2023-01-26","A","37.03"
"1010330","2023-01-25","I","39.92"
"1010347","2023-01-27","A","134.42"
"1010394","2023-01-31","A","107.22"
"1010396","2023-01-26","A","143.86"
"1010452","2023-01-25","A","119.04"
"1010454","2023-01-26","A","64.15"
"1010490","2023-01-25","I","65.68"
"1010495","2023-01-31","A","191.35"
"1010496","2023-01-28","A","61.12"
"1010502","2023-01-30","A","26.67"
"1010503","2023-01-31","I","31.39"
"1010505","2023-01-28","I","58.42"
"1010514","2023-01-30","A","58.16"
"1010558","2023-01-25","I","40.88"
"1010625","2023-01-25","A","116.4"
"1010627","2023-01-27","A","33.58"
"1010638","2023-01-26","I","14.69"
"1010754","2023-02-02","A","13.12"
"1010765","2023-01-25","A","37.95"
"1010769","2023-01-25","A","60.78"
"1010783","2023-01-31","I","121.18"
"1010840","2023-01-26","A","48.73"
"1010867","2023-01-27","A","150.38"
"1010867","2023-01-28","A","73.29225114503286"
"1010886","2023-01-29","I","41.32"
"1010894","2023-02-04","I","119.33"
"1010915","2023-01-26","I","91.49"
"1010948","2023-01-27","A","64.16"
"1010975","2023-01-30","A","44.21"
"1010975","2023-02-01","A","30.115748565876714"
"1010980","2023-02-02","A","17.74"
"1011011","2023-01-31","I","35.41"
"1011027","2023-02-01","A","13.81"
"1011035","2023-01-30","A","106.67"
"1011070","2023-01-26","A","95.67"
"1011074","2023-01-31","I","59.74"
"1011123","2023-02-02","I","97.58"
"1011140","2023-01-26","A","291.9"
"1011148","2023-01-31","I","52.5"
"1011169","2023-02-06","I","98.37"
"1011210","2023-01-29","I","19.85"
"1011227","2023-02-01","A","19.72"
"1011233","2023-01-28","I","48.14"
"1011286","2023-01-28","I","29.44"
"1011286","2023-01-30","I","15.930519966488214"
"1011339","2023-01-27","A","187.48"
"1011339","2023-01-28","A","14.177654831020115"
"1011371","2023-02-01","A","29.05"
"1011373","2023-01-29","I","54.44"
"1011418","2023-02-06","A","63.33"
"1011453","2023-01-28","A","69.09"
"1011461","2023-01-26","I","33.5"
"1011467","2023-02-05","I","136.01"
"1011474","2023-02-03","A","152.09"
"1011478","2023-01-25","A","97.23"
"1011478","2023-01-26","A","91.1426969070455"
"1011497","2023-01-30","A","91.35"
"1011526","2023-01-28","A","47.72"
"1011554","2023-02-03","A","48.66"
"1011559","2023-01-31","A","39.5"
"1011593","2023-01-27","I","73.3"
"1011605","2023-01-26","A","28.47"
"1011628","2023-01-28","I","39.32"
"1011637","2023-02-06","I","40.38"
"1011665","2023-02-05","I","52.11"
"1011701","2023-01-27","I","160.76"
"1011720","2023-02-06","I","72.35"
"1011722","2023-01-26","I","49.37"
"1011732","2023-02-02","I","42.71372701615216"
"1011738","2023-02-06","I","53.89"
"1011745","2023-01-31","A","61.14"
"1011746","2023-01-31","A","154.22"
"1011760","2023-01-29","A","35.72"
"1011817","2023-01-30","I","47.49"
"1011857","2023-02-01","I","76.33"
"1011858","2023-01-25","I","58.05"
"1011862","2023-01-31","I","51.14"
"1011950","2023-01-31","A","144.11"
"1011998","2023-01-28","A","105.03"
"1012016","2023-02-06","A","86.58"
"1012037","2023-01-28","I","105.09"
"1012091","2023-02-05","A","31.91"
"1012099","2023-02-01","A","155.52"
"1012163","2023-01-30","A","26.02"
"1012178","2023-01-25","I","104.85"
"1012193","2023-01-25","A","69.57"
"1012276","2023-02-03","I","54.74"
"1012282","2023-01-31","I","38.23"
"1012303","2023-01-26","A","63.12"
"1012338","2023-02-06","I","97.48"
"1012339","2023-02-05","I","84.25"
"1012350","2023-01-26","I","82.37"
"1012365","2023-01-27","I","28.85"
"1012366","2023-02-06","I","143.61"
"1012372","2023-02-06","A","66.39"
"1012381","2023-01-27","I","55.72"
"1012391","2023-01-29","I","45.87"
"1012407","2023-01-25","A","31.64"
"1012413","2023-01-25","A","23.23"
"1012449","2023-01-31","I","18.73"
"1012463","2023-02-03","A","63.83"
"1012501","2023-01-28","A","26.84"
"1012527","2023-01-25","I","38.39"
"1012567","2023-02-05","A","148.6"
"1012594","2023-02-01","I","147.18"
"1012607","2023-01-25","A","12.15"
"1012627","2023-02-05","A","32.61"
"1012655","2023-01-27","A","39.75"
"1012662","2023-01-28","I","95.02"
"1012689","2023-01-26","A","42.31"
"1012693","2023-01-26","I","130.81"
"1012723","2023-01-31","I","52.73"
"1012723","2023-02-03","I","9.623876329714236"
"1012781","2023-01-30","A","35.87"
"1012788","2023-01-28","A","13.36"
"1012809","2023-01-25","I","47.82"
"1012822","2023-01-25","I","86.88"
"1012828","2023-01-25","I","18.59"
"1012845","2023-01-30","I","44.74"
"1012880","2023-01-29","A","29.57"
"1012896","2023-01-30","A","17.63"
"1013001","2023-02-03","I","52.2"
"1013084","2023-01-25","I","102.98"
"1013098","2023-01-27","A","60.18"
"1013108","2023-01-26","I","113.85"
"1013110","2023-01-25","I","145.11"
"1013124","2023-02-06","I","20.58"
"1013138","2023-02-01","I","43.02"
"1013141","2023-02-01","A","112.67"
"1013143","2023-01-27","A","35.78"
"1013156","2023-02-01","A","48.72"
"1013176","2023-01-26","A","162.87"
"1013188","2023-01-26","A","55.3"
"1013201","2023-01-26","A","66"
"1013250","2023-02-06","I","3.59"
"1013272","2023-02-06","I","7.96"
"1013300","2023-01-25","A","56.01"
"1013329","2023-01-27","I","28.59"
"1013329","2023-01-30","I","20.191381430051543"
"1013330","2023-01-29","A","89.12"
"1013334","2023-01-29","A","56.57"
"1013360","2023-01-30","I","110.08"
"1013398","2023-01-26","I","13.04"
"1013409","2023-01-26","A","51.16"
"1013409","2023-01-28","A","16.32086985980825"
"1013416","2023-01-26","I","100.17"
"1013480","2023-01-25","A","12.91"
"1013670","2023-01-27","I","46.06"
"1013686","2023-01-26","I","99.87"
"1013747","2023-02-03","I","74.76"
"1013758","2023-02-04","A","163.06"
"1013793","2023-02-01","I","5.42"
"1013823","2023-02-01","I","45.17"
"1013846","2023-02-01","A","74.87"
"1013853","2023-01-29","I","85.57"
"1013863","2023-01-31","A","761.1"
"1013878","2023-01-26","I","56.19"
"1013891","2023-01-25","I","45.48"
"1013897","2023-01-25","I","14.14"
"1013944","2023-01-27","A","110.15"
"1013951","2023-01-27","A","53.45"
"1013979","2023-01-25","I","23.43"
"1013995","2023-02-04","I","23.43"
"1014011","2023-02-05","I","150.72"
"1014039","2023-01-26","A","88.66"
"1014150","2023-02-06","I","131.33"
"1014151","2023-01-27","I","53.22"
"1014163","2023-02-01","I","28.3"
"1014163","2023-02-02","I","12.133512959120257"
"1014183","2023-01-25","A","183.34"
"1014183","2023-01-27","A","64.58334645450121"
"1014224","2023-01-31","A","58.61"
"1014234","2023-01-26","I","53.17"
"1014323","2023-01-30","A","103.44"
"1014350","2023-01-29","I","45.07"
"1014367","2023-01-31","A","138.92"
"1014376","2023-02-03","A","35.11"
"1014415","2023-01-26","I","34.26"
"1014428","2023-01-27","I","26.54"
"1014428","2023-01-30","I","12.701144892993735"
"1014436","2023-01-26","A","53.87"
"1014480","2023-02-02","I","105.5"
"1014511","2023-02-03","I","154.95"
"1014515","2023-01-31","I","139.73"
"1014543","2023-01-29","I","19.73"
"1014608","2023-01-25","A","107.89"
"1014631","2023-02-01","A","62.5"
"1014639","2023-01-25","I","58.21"
"1014717","2023-02-05","I","72.22"
"1014718","2023-02-06","A","26.98"
"1014733","2023-01-27","A","36.11"
"1014741","2023-01-28","A","41.51"
"1014788","2023-01-26","A","70.16"
"1014804","2023-01-25","I","123.82"
"1014804","2023-01-26","I","0.3403202784597714"
"1014807","2023-01-25","I","78.18"
"1014814","2023-02-04","A","66.94"
"1014840","2023-01-25","A","41.02"
"1014890","2023-01-28","A","66.8"
"1014892","2023-01-27","I","41.82"
"1014895","2023-02-06","I","140.24"
"1014920","2023-01-25","I","92.32"
"1014924","2023-01-30","A","32.41"
"1014949","2023-01-28","I","190.77"
"1014953","2023-01-26","I","169.37"
"1014963","2023-01-29","A","70.08"
"1014964","2023-01-25","I","195.25"
"1014965","2023-01-27","A","56.38"
"1014982","2023-02-05","A","38.66"
"1015035","2023-01-25","A","113.51"
"1015053","2023-02-06","I","85.33"
"1015056","2023-02-04","I","24.12"
"1015130","2023-01-27","A","113.67"
"1015175","2023-01-28","A","87.68"
"1015189","2023-01-25","A","34.58"
"1015258","2023-02-05","I","45.74"
"1015292","2023-01-29","A","14.02"
"1015294","2023-01-26","I","101.47"
"1015329","2023-01-27","I","75.62"
"1015333","2023-01-27","I","41.11"
"1015342","2023-01-27","I","142.35"
"1015344","2023-01-31","A","163.56"
"1015387","2023-01-30","I","76.6"
"1015397","2023-01-30","I","108.94"
"1015397","2023-02-05","I","91.72784759568096"
"1015415","2023-01-25","I","66.15"
"1015449","2023-01-28","I","28.1"
"1015481","2023-01-31","A","83.25"
"1015499","2023-01-25","A","57.73"
"1015526","2023-02-02","I","53.26"
"1015612","2023-01-26","I","175"
"1015634","2023-01-25","A","28.83"
"1015640","2023-02-04","A","112.49"
"1015657","2023-01-26","I","66.13"
"1015677","2023-01-25","I","9.48"
"1015694","2023-02-02","I","36.46"
"1015705","2023-01-27","A","142.7"
"1015711","2023-01-26","A","57.71"
"1015747","2023-01-27","I","40.53"
"1015752","2023-01-30","I","46.02"
"1015758","2023-01-25","I","83.43"
"1015771","2023-01-26","I","47.25"
"1015793","2023-01-27","I","40.24"
"1015794","2023-01-26","A","52.31"
"1015800","2023-01-29","A","35.9"
"1015828","2023-01-27","I","30.05"
"1015840","2023-01-29","I","70.46"
"1015896","2023-01-27","A","152.4"
"1015909","2023-01-29","A","12.03"
"1015915","2023-01-27","I","20.13"
"1015933","2023-01-27","I","52.96"
"1015945","2023-02-01","A","28.85"
"1015957","2023-01-25","I","49.24"
"1015971","2023-02-06","A","120.2"
"1015992","2023-02-05","A","142.69"
"1015999","2023-01-27","A","39.69"
"1016001","2023-01-27","A","59.65"
"1016009","2023-01-31","A","25.72"
"1016009","2023-02-01","A","14.849041392284663"
"1016010","2023-01-28","A","38.16"
"1016032","2023-02-06","A","14.74"
"1016039","2023-02-05","I","38.97"
"1016063","2023-02-03","I","96.46"
"1016079","2023-01-25","I","54.61"
"1016120","2023-01-30","I","78.56"
"1016122","2023-01-25","I","13.17"
"1016124","2023-01-30","A","6.42474302586049"
"1016124","2023-01-31","A","104.24"
"1016134","2023-02-03","A","18.76"
"1016138","2023-01-25","I","45.83"
"1016200","2023-02-04","I","104.05"
"1016208","2023-01-29","A","26.99"
"1016208","2023-01-30","A","22.70488748678611"
"1016223","2023-01-26","A","682.3000000000001"
"1016258","2023-02-02","I","42.99"
"1016262","2023-01-28","A","61.53"
"1016262","2023-02-03","A","58.32073687569938"
"1016271","2023-02-01","I","39.76"
"1016281","2023-01-26","I","248.11"
"1016286","2023-01-30","A","29.71"
"1016286","2023-01-31","A","18.502915712415245"
"1016311","2023-01-25","I","46.7"
"1016359","2023-01-25","I","94.34"
"1016374","2023-01-25","I","99.88"
"1016374","2023-01-30","I","14.239298405869013"
"1016401","2023-01-28","I","72.42"
"1016402","2023-01-30","A","65.25"
"1016433","2023-02-05","I","765.1"
"1016467","2023-01-27","I","55.87"
"1016532","2023-01-26","A","111.43"
"1016536","2023-01-29","I","50.45"
"1016572","2023-01-27","A","37.08"
"1016583","2023-01-25","A","56.42"
"1016617","2023-02-02","I","69.58"
"1016632","2023-02-02","A","114.09"
"1016640","2023-01-30","A","12.18"
"1016677","2023-01-28","I","49.2"
"1016724","2023-02-01","I","57.03"
"1016741","2023-01-25","I","15.35"
"1016793","2023-01-30","A","60.41"
"1016801","2023-02-02","I","25.38"
"1016821","2023-02-06","I","82.93"
"1016839","2023-01-31","I","91.93"
"1016878","2023-01-27","A","43.25"
"1016879","2023-01-26","A","68.41"
"1016880","2023-01-29","A","53.3"
"1016921","2023-01-25","I","44.39"
"1016925","2023-01-26","I","67.46"
"1016927","2023-01-28","I","29.24"
"1016952","2023-01-25","A","84.65"
"1017060","2023-01-25","I","50.71"
"1017069","2023-01-25","I","27.18"
"1017087","2023-01-25","I","32.08"
"1017127","2023-01-31","I","40.1"
"1017127","2023-02-03","I","25.95480517338635"
"1017133","2023-02-05","I","16.28"
"1017150","2023-01-28","A","23.64"
"1017184","2023-01-31","I","111.05"
"1017201","2023-01-30","A","13.74"
"1017210","2023-01-30","A","48.54"
"1017270","2023-01-25","I","17.51"
"1017287","2023-02-01","A","20.62"
"1017293","2023-01-27","I","22.9"
"1017303","2023-01-31","A","59.79"
"1017307","2023-01-28","I","8.66"
"1017347","2023-01-30","I","38.16"
"1017359","2023-02-04","I","24.83"
"1017390","2023-01-26","I","42.94"
"1017400","2023-01-25","A","107.98"
"1017407","2023-01-26","A","46.23"
"1017435","2023-01-25","A","5.05"
"1017445","2023-01-25","I","23.76"
"1017467","2023-01-26","A","17.22"
"1017467","2023-01-29","A","13.63587278932984"
"1017475","2023-02-06","I","44.57"
"1017544","2023-02-06","I","79.39"
"1017563","2023-01-27","I","15.51"
"1017566","2023-01-27","A","165.14"
"1017574","2023-01-29","A","831.5999999999999"
"1017584","2023-01-25","A","51.78"
"1017600","2023-02-06","A","53.19"
"1017637","2023-01-30","A","49.23"
"1017649","2023-02-04","I","44.37"
"1017671","2023-02-02","A","182.93"
"1017681","2023-01-25","A","7.32"
"1017694","2023-01-25","A","126.78"
"1017711","2023-01-27","I","73.34"
"1017715","2023-02-06","A","129.62"
"1017718","2023-01-27","I","94.41"
"1017725","2023-01-28","A","101.85"
"1017742","2023-01-25","I","49.71"
"1017750","2023-02-01","A","57.32"
"1017755","2023-01-30","A","37.23"
"1017759","2023-02-01","A","36.89"
"1017773","2023-01-26","I","51.83"
"1017791","2023-02-02","A","59.17"
"1017791","2023-02-04","A","0.6073095165713486"
"1017801","2023-02-06","I","40.89"
"1017817","2023-01-29","I","51.72"
"1017826","2023-01-25","I","62.28"
"1017857","2023-01-28","I","159.66"
"1017895","2023-01-29","A","34.13"
"1017896","2023-01-25","A","17.75"
"1017925","2023-01-30","I","27.89"
"1018030","2023-01-25","A","30.01"
"1018134","2023-01-27","I","20.87"
"1018136","2023-01-28","A","67.31"
"1018155","2023-02-03","I","32.28"
"1018243","2023-01-25","I","68.11"
"1018258","2023-01-31","I","30"
"1018296","2023-01-25","A","72.84"
"1018309","2023-01-26","I","86.38"
"1018321","2023-02-01","I","117.39"
"1018325","2023-01-25","I","54.84"
"1018350","2023-01-29","I","139.02"
"1018350","2023-01-31","I","54.21805632131091"
"1018396","2023-01-25","A","83.38"
"1018405","2023-01-25","A","49.91"
"1018463","2023-01-26","I","43.39"
"1018479","2023-01-27","I","88.38"
"1018480","2023-01-25","A","72.32"
"1018482","2023-01-29","A","42.82"
"1018488","2023-01-28","A","29.83"
"1018502","2023-01-26","I","400.9"
"1018514","2023-02-01","I","7.64"
"1018529","2023-01-27","null","32.88"
"1018539","2023-02-03","I","29.85"
"1018562","2023-02-01","I","84.97"
"1018562","2023-02-02","I","69.73221957677015"
"1018564","2023-01-27","A","23.76"
"1018575","2023-01-26","I","121.37"
"1018602","2023-01-28","I","31"
"1018679","2023-02-01","I","63.29"
"1018689","2023-01-31","I","98.44"
"1018719","2023-01-28","A","46.71"
"1018723","2023-01-25","I","86.8"
"1018725","2023-02-04","A","11.39"
"1018736","2023-01-29","A","72.72"
"1018799","2023-01-26","I","78.86"
"1018820","2023-01-27","I","42"
"1018884","2023-01-27","I","91.96"
"1018908","2023-01-29","I","24.73"
"1018933","2023-01-25","I","31.56"
"1018945","2023-01-27","I","67.77"
"1018970","2023-02-06","I","142.11"
"1018988","2023-01-25","I","46.48"
"1019002","2023-02-01","A","113.33"
"1019002","2023-02-03","A","26.702520300897284"
"1019004","2023-01-25","A","50.18"
"1019021","2023-01-26","A","44.68"
"1019110","2023-01-27","A","67.48"
"1019139","2023-01-27","I","198.6"
"1019209","2023-01-25","I","121.11"
"1019209","2023-01-30","I","59.81414560496862"
"1019210","2023-02-04","I","208.73"
"1019212","2023-01-27","I","110.35"
"1019256","2023-02-01","I","65.51"
"1019278","2023-01-31","I","59.57"
"1019282","2023-01-30","A","13.75"
"1019301","2023-01-27","I","61.06"
"1019343","2023-01-26","A","92.4"
"1019349","2023-01-26","I","65.57"
"1019349","2023-02-01","I","20.57824746291765"
"1019375","2023-01-27","A","22.78"
"1019388","2023-02-05","A","43.07"
"1019403","2023-01-27","I","16.72"
"1019406","2023-01-25","I","25.31"
"1019419","2023-01-30","A","24.15"
"1019419","2023-01-31","A","20.942774143397003"
"1019422","2023-01-30","I","65.57"
"1019563","2023-01-28","I","69.09"
"1019593","2023-01-29","I","69.44"
"1019618","2023-01-27","I","211.78"
"1019649","2023-02-03","I","100.3"
"1019665","2023-01-26","A","17.93"
"1019672","2023-01-29","I","37.53"
"1019684","2023-02-01","I","64.53"
"1019688","2023-02-02","I","49.89"
"1019693","2023-02-05","A","23.2"
"1019707","2023-01-31","A","85.05"
"1019755","2023-01-31","A","84.37"
"1019756","2023-01-26","I","144.98"
"1019805","2023-01-27","I","131.69"
"1019808","2023-01-27","A","137.73"
"1019834","2023-01-30","A","101.83"
"1019859","2023-01-30","I","45.55"
"1019868","2023-01-25","I","128.74"
"1019871","2023-01-26","I","60"
"1019907","2023-01-25","A","745.8"
"1019909","2023-01-29","I","77.52"
"1019926","2023-01-30","A","42.8"
"1019937","2023-02-03","A","180.38"
"1019940","2023-02-02","I","335.1"
"1019959","2023-02-04","I","67.58"
"1019970","2023-01-31","I","124.22"
"1019989","2023-01-29","I","80.56"
"1020004","2023-02-06","I","118.66"
"1020019","2023-01-26","A","106.58"
"1020052","2023-01-26","I","15.82"
"1020082","2023-01-31","A","80.62"
"1020099","2023-01-25","I","112.01"
"1020103","2023-01-30","A","25.68080564288281"
"1020103","2023-02-01","A","164.62"
"1020140","2023-01-26","A","35.22"
"1020140","2023-02-01","A","34.42760475434888"
"1020154","2023-01-25","A","63.92"
"1020176","2023-01-31","I","130.18"
"1020183","2023-01-25","A","92.98"
"1020236","2023-01-25","I","82.23"
"1020270","2023-01-27","I","45.67"
"1020275","2023-01-27","I","134.49"
"1020316","2023-01-26","I","39.91"
"1020325","2023-02-05","I","615.2"
"1020325","2023-02-06","I","145.94409540138568"
"1020350","2023-01-27","A","87.43"
"1020368","2023-01-29","I","29.65"
"1020394","2023-02-01","I","94.03"
"1020416","2023-01-27","A","32.36"
"1020503","2023-01-30","I","43.66"
"1020563","2023-01-25","I","90.47"
"1020564","2023-02-01","I","61.32"
"1020593","2023-01-25","A","101.78"
"1020620","2023-01-27","I","30.15"
"1020643","2023-01-27","A","128.92"
"1020689","2023-01-30","I","32.28"
"1020698","2023-01-27","I","52.88"
"1020700","2023-01-30","A","161.94"
"1020727","2023-01-31","A","42.46"
"1020741","2023-01-30","I","50.59"
"1020763","2023-02-03","A","35.77"
"1020770","2023-02-01","I","39.29"
"1020801","2023-01-27","A","128.37"
"1020804","2023-01-25","I","104.6"
"1020808","2023-01-25","I","23.51"
"1020890","2023-01-25","A","133.03"
"1020891","2023-01-30","null","96.4"
"1020902","2023-01-29","A","32.19"
"1020962","2023-02-03","I","65.39"
"1021013","2023-01-25","A","40.74"
"1021037","2023-01-27","I","32.19"
"1021037","2023-01-31","I","13.568675635443716"
"1021061","2023-01-27","A","48.41"
"1021090","2023-01-25","A","34.81"
"1021115","2023-01-31","I","189.91"
"1021115","2023-02-02","I","83.06154532429385"
"1021145","2023-02-05","I","57.75"
"1021155","2023-01-26","I","18.3"
"1021165","2023-01-25","I","102.04"
"1021171","2023-01-26","A","169.5"
"1021197","2023-01-28","I","86.92"
"1021238","2023-01-26","I","13.42"
"1021288","2023-01-26","A","36.71"
"1021291","2023-01-25","A","65.46"
"1021339","2023-01-27","A","52.69"
"1021366","2023-02-03","I","82.6"
"1021378","2023-01-25","A","42.75"
"1021398","2023-01-26","A","56.16"
"1021419","2023-01-26","A","14.93"
"1021426","2023-01-25","A","19.03"
"1021442","2023-01-28","A","34.35"
"1021450","2023-02-03","I","67.38"
"1021514","2023-02-05","I","36.13"
"1021543","2023-01-25","I","58.12"
"1021595","2023-02-03","I","131.61"
"1021607","2023-01-28","I","111.95"
"1021615","2023-01-30","A","35.99"
"1021706","2023-01-26","A","84.55"
"1021715","2023-02-03","A","121.63"
"1021764","2023-02-06","I","71.29"
"1021801","2023-01-25","A","53.58"
"1021823","2023-01-26","A","44.71"
"1021860","2023-01-25","I","77.27"
"1021915","2023-02-04","I","95.7"
"1021929","2023-01-27","I","94.16"
"1021938","2023-01-31","I","21.79"
"1022021","2023-01-29","I","25.46"
"1022033","2023-01-29","A","229.7"
"1022039","2023-01-29","A","83.2"
"1022043","2023-01-28","A","194.4"
"1022077","2023-01-30","A","7.49"
"1022080","2023-01-27","A","49.23"
"1022082","2023-01-27","A","116.28"
"1022097","2023-01-31","A","27.94"
"1022103","2023-02-02","I","94.9"
"1022116","2023-02-01","A","34.66"
"1022166","2023-01-27","A","103.08"
"1022206","2023-01-25","I","141.18"
"1022210","2023-01-29","I","30.65"
"1022222","2023-02-03","A","53.91"
"1022237","2023-02-04","I","126.66"
"1022237","2023-02-05","I","111.06796965976744"
"1022253","2023-01-25","I","103.07"
"1022263","2023-01-27","I","119.33"
"1022336","2023-02-01","I","137.64"
"1022336","2023-02-05","I","17.67765505749724"
"1022374","2023-02-04","I","102.79"
"1022387","2023-01-26","I","28.38"
"1022401","2023-01-31","A","17.45"
"1022421","2023-01-31","I","39.28"
"1022466","2023-01-29","I","14.1"
"1022467","2023-02-02","A","193.85"
"1022491","2023-01-27","I","79.29"
"1022510","2023-01-25","A","109.02"
"1022519","2023-01-26","I","27.68"
"1022602","2023-01-25","I","138.7"
"1022619","2023-01-25","A","61.51"
"1022629","2023-01-26","A","63.68"
"1022653","2023-01-30","A","31.09"
"1022692","2023-01-30","I","523.6"
"1022698","2023-01-26","A","75.79"
"1022747","2023-01-26","A","86.27"
"1022762","2023-01-30","A","15.06"
"1022767","2023-01-25","A","45.41"
"1022775","2023-01-25","I","77.7"
"1022778","2023-01-25","A","74.91"
"1022788","2023-01-25","A","98.46"
"1022805","2023-02-01","I","1546.3"
"1022815","2023-01-26","I","56.82"
"1022815","2023-01-29","I","46.66804792378848"
"1022823","2023-01-27","A","14.57"
"1022824","2023-01-25","I","128.88"
"1022829","2023-02-04","A","10.05"
"1022831","2023-01-26","I","85.55"
"1022845","2023-01-29","I","67.02"
"1022857","2023-01-29","I","27.89"
"1022917","2023-01-31","I","56.83"
"1022976","2023-01-25","A","31"
"1022986","2023-02-04","I","88.4"
"1022989","2023-02-03","A","124.12"
"1023001","2023-01-27","A","63.06"
"1023027","2023-01-30","I","111.38"
"1023067","2023-01-26","I","130.77"
"1023109","2023-01-25","I","74.51"
"1023121","2023-01-28","I","118.18"
"1023126","2023-01-25","I","33.58"
"1023134","2023-01-30","A","90.69"
"1023208","2023-01-29","A","11.96"
"1023283","2023-01-27","A","52.7"
"1023296","2023-01-30","A","56.89"
"1023306","2023-01-28","A","60"
"1023317","2023-01-28","I","23.14"
"1023317","2023-01-31","I","6.975813555295398"
"1023334","2023-02-06","A","77.68"
"1023352","2023-02-01","I","31.86"
"1023414","2023-02-03","I","44.69"
"1023449","2023-01-26","A","105.21"
"1023462","2023-01-28","A","59.81"
"1023475","2023-01-31","A","42.57"
"1023504","2023-01-29","I","60.71"
"1023508","2023-02-01","I","30.28"
"1023513","2023-01-26","A","53.82"
"1023518","2023-02-04","I","47.08"
"1023532","2023-02-01","I","36.95333584594188"
"1023532","2023-02-03","I","46.42"
"1023580","2023-01-25","I","16.19"
"1023599","2023-02-06","I","79.97"
"1023677","2023-01-25","A","20.59"
"1023700","2023-01-31","I","105.3"
"1023700","2023-02-01","I","8.869137505571798"
"1023705","2023-02-04","A","39.7"
"1023705","2023-02-05","A","7.108291750197485"
"1023714","2023-01-28","I","28.14"
"1023740","2023-01-30","I","72.57"
"1023745","2023-02-05","I","872.9000000000001"
"1023763","2023-01-31","I","17.58"
"1023770","2023-01-27","I","17.22"
"1023816","2023-01-28","I","9.19"
"1023864","2023-02-02","I","167.86"
"1023923","2023-01-28","I","26.4"
"1023930","2023-01-25","I","109.78"
"1023937","2023-02-02","I","21.89"
"1023955","2023-01-26","A","56.01"
"1023957","2023-01-25","I","7.16"
"1023957","2023-01-30","I","0.4111785486757568"
"1023963","2023-01-29","I","59.31"
"1023980","2023-02-05","I","3.9"
"1023980","2023-02-06","I","0.8747567382581928"
"1023987","2023-01-29","I","128.66"
"1023992","2023-02-06","A","24.7"
"1024005","2023-01-26","A","105.64"
"1024055","2023-02-05","I","116.08"
"1024063","2023-01-28","A","117.23"
"1024109","2023-01-27","I","85.57"
"1024139","2023-01-30","A","121.86"
"1024144","2023-01-30","I","33.09"
"1024144","2023-02-01","I","14.49389375391532"
"1024160","2023-02-01","A","75.02"
"1024160","2023-02-03","A","52.74162826103768"
"1024162","2023-01-30","I","95.39"
"1024176","2023-02-05","I","156.46"
"1024196","2023-02-04","I","39.98"
"1024197","2023-01-29","A","28.15"
"1024214","2023-01-26","A","36.44"
"1024218","2023-01-28","I","66.29"
"1024287","2023-01-26","I","75.5"
"1024291","2023-01-31","A","80.62"
"1024336","2023-02-03","A","22.06"
"1024350","2023-01-28","A","163.42"
"1024440","2023-01-29","I","63.8"
"1024481","2023-01-25","A","70.02"
"1024505","2023-02-04","I","17.97"
"1024506","2023-01-26","I","29.55"
"1024518","2023-01-25","A","215.42"
"1024548","2023-02-05","A","45.18"
"1024556","2023-01-25","A","45.64"
"1024588","2023-02-06","I","87"
"1024656","2023-01-29","I","18.7"
"1024658","2023-01-29","I","35.56"
"1024676","2023-01-26","I","37.45"
"1024688","2023-01-30","A","18.71"
"1024704","2023-01-28","I","101.16"
"1024720","2023-02-03","I","42.88"
"1024733","2023-01-29","I","65.73"
"1024748","2023-01-27","I","62.37"
"1024755","2023-01-28","A","33.48"
"1024840","2023-01-25","I","42.46"
"1024874","2023-01-31","A","48.86"
"1024908","2023-01-26","I","75.19"
"1024924","2023-02-02","I","38.85"
"1024931","2023-02-04","A","53.19"
"1024935","2023-01-25","I","6.13"
"1024948","2023-01-28","A","60.9"
"1024951","2023-02-05","I","38.73"
"1024972","2023-02-06","A","45.37"
"1024976","2023-02-05","A","30.75"
"1024982","2023-01-28","I","158.55"
"1024995","2023-01-25","A","14.22"
"1025024","2023-01-27","I","141.86"
"1025024","2023-01-29","I","114.80430352476232"
"1025030","2023-01-28","I","34.63"
"1025044","2023-01-26","I","106.3"
"1025066","2023-01-28","A","31.7"
"1025081","2023-02-03","I","91.16"
"1025097","2023-01-28","A","504.2000000000001"
"1025097","2023-01-31","A","332.48201357945123"
"1025105","2023-01-27","I","61.17"
"1025126","2023-01-25","A","28.86"
"1025152","2023-01-30","A","144.53"
"1025178","2023-01-26","I","31.41"
"1025269","2023-01-25","I","63.69"
"1025283","2023-01-31","I","164.58"
"1025285","2023-01-30","I","23.23"
"1025297","2023-02-02","I","30.59"
"1025321","2023-01-27","A","107.21"
"1025352","2023-01-28","I","40.52"
"1025382","2023-01-31","I","62.54"
"1025404","2023-01-25","I","149.98"
"1025432","2023-01-29","I","53.1"
"1025470","2023-02-05","I","149.69"
"1025477","2023-01-30","I","76.66"
"1025481","2023-01-26","A","90.06"
"1025491","2023-01-25","I","68.26"
"1025525","2023-02-06","A","52.31"
"1025602","2023-01-25","A","62.33"
"1025708","2023-01-31","A","137.41"
"1025717","2023-01-28","A","64.39"
"1025743","2023-02-04","I","67.99"
"1025802","2023-01-27","I","55.95"
"1025830","2023-01-26","A","33.76"
"1025834","2023-01-25","A","46.52"
"1025834","2023-01-26","A","4.9284944442487175"
"1025845","2023-01-28","A","173.67"
"1025877","2023-01-25","I","47.88"
"1025911","2023-02-02","I","37.41"
"1025941","2023-02-02","I","62.94"
"1025967","2023-01-31","I","33.96"
"1025974","2023-01-26","I","67.31"
"1026003","2023-01-27","I","82.82"
"1026007","2023-02-01","I","95.88"
"1026021","2023-01-28","I","108.95"
"1026025","2023-01-27","I","74.81"
"1026025","2023-01-28","I","16.53081693510135"
"1026041","2023-01-25","A","88.26"
"1026097","2023-02-06","A","79.91"
"1026112","2023-02-06","I","37.2"
"1026141","2023-01-28","I","111.63"
"1026157","2023-01-30","I","72.44"
"1026173","2023-01-28","A","17.02"
"1026180","2023-01-25","A","156.72"
"1026189","2023-01-25","I","53.97"
"1026220","2023-01-27","I","65.79"
"1026222","2023-01-27","I","62.54"
"1026258","2023-01-26","A","76.06"
"1026298","2023-02-06","I","21.63"
"1026338","2023-02-03","A","76.05"
"1026343","2023-01-26","I","136.8"
"1026358","2023-01-29","I","93.4"
"1026371","2023-02-02","I","76.21"
"1026374","2023-01-26","I","129.68"
"1026380","2023-01-27","I","106.14"
"1026414","2023-01-27","A","47.43"
"1026421","2023-02-04","I","87.07"
"1026429","2023-01-28","null","53.05"
"1026459","2023-01-26","A","67.51"
"1026504","2023-01-26","I","5.44"
"1026505","2023-01-26","A","14.25"
"1026527","2023-02-03","I","213.6"
"1026541","2023-02-01","A","63.47"
"1026574","2023-01-31","A","89.7"
"1026581","2023-01-31","A","73.28"
"1026581","2023-02-02","A","28.279176514527688"
"1026601","2023-01-31","A","108.21"
"1026607","2023-01-31","A","25.02"
"1026683","2023-01-29","I","32.93"
"1026684","2023-01-31","I","137.1"
"1026693","2023-01-25","I","26.46"
"1026739","2023-01-31","I","97.32"
"1026744","2023-01-27","I","14.17"
"1026745","2023-01-31","I","15.06"
"1026749","2023-02-04","A","44.47"
"1026777","2023-01-26","A","48.52"
"1026786","2023-01-29","A","91.66"
"1026793","2023-01-27","I","32.77"
"1026797","2023-01-25","A","55.84"
"1026801","2023-01-31","I","57.18"
"1026817","2023-01-31","A","85.85"
"1026836","2023-01-31","A","27.22"
"1026836","2023-02-01","A","6.605443882342748"
"1026873","2023-01-28","I","27.92"
"1026885","2023-01-30","A","12.96"
"1026885","2023-01-31","A","12.915163970642874"
"1026917","2023-01-25","I","26.85"
"1026967","2023-01-25","I","7.74"
"1027051","2023-01-27","I","18.03"
"1027071","2023-01-30","I","58.28"
"1027076","2023-01-25","I","66.8"
"1027106","2023-02-02","I","111.82"
"1027116","2023-02-03","I","93.03"
"1027166","2023-01-27","I","121.84"
"1027181","2023-01-30","I","84.19"
"1027184","2023-01-28","I","130.19"
"1027208","2023-01-27","I","58.27"
"1027240","2023-01-26","A","104.73"
"1027244","2023-01-25","I","123.11"
"1027268","2023-01-29","A","70.43"
"1027300","2023-01-29","A","43.82"
"1027350","2023-01-29","I","122.87"
"1027361","2023-02-02","I","109.09"
"1027361","2023-02-03","I","44.75043253552742"
"1027368","2023-01-29","A","93.83"
"1027401","2023-01-25","I","425.9"
"1027437","2023-01-29","A","31.97"
"1027440","2023-01-25","I","51.91"
"1027442","2023-01-31","I","42.82"
"1027442","2023-02-01","I","30.36840419473716"
"1027461","2023-01-27","I","24.74"
"1027465","2023-01-27","A","38.17"
"1027467","2023-02-06","I","73.13"
"1027505","2023-02-02","A","123.72"
"1027512","2023-01-29","A","135.66"
"1027519","2023-01-25","I","70.17"
"1027529","2023-02-04","I","69.52"
"1027543","2023-01-30","A","116.4"
"1027544","2023-01-29","I","26.99"
"1027570","2023-01-29","A","83.8"
"1027584","2023-01-28","I","56.67"
"1027602","2023-02-02","I","103.23"
"1027609","2023-02-06","I","2.32"
"1027638","2023-01-25","I","20.83"
"1027666","2023-01-30","A","12.38"
"1027669","2023-02-03","A","115.4"
"1027689","2023-01-26","I","31.23"
"1027698","2023-01-26","I","31"
"1027728","2023-01-29","I","71.17"
"1027740","2023-01-27","I","52.69"
"1027750","2023-01-26","A","57.49"
"1027780","2023-01-25","I","39.64"
"1027792","2023-02-02","I","42.17"
"1027801","2023-02-03","A","35.99"
"1027837","2023-01-27","A","155.15"
"1027905","2023-01-27","A","21.59"
"1027928","2023-01-30","I","62.85"
"1027930","2023-01-27","I","71.48"
"1027975","2023-02-01","I","248.2"
"1027975","2023-02-05","I","182.29649190129"
"1028032","2023-02-04","A","79.33"
"1028034","2023-01-29","I","27.3"
"1028034","2023-02-02","I","16.103318225998457"
"1028044","2023-01-28","A","37"
"1028061","2023-01-30","I","90.08531390106351"
"1028100","2023-01-25","A","157.15"
"1028134","2023-01-26","A","93.89"
"1028154","2023-02-03","I","105.69"
"1028180","2023-01-25","A","38.89"
"1028184","2023-01-30","A","231.28"
"1028184","2023-02-03","A","7.925177594223594"
"1028191","2023-02-01","A","6.42"
"1028201","2023-01-28","I","54.85"
"1028201","2023-02-02","I","19.81475782499755"
"1028212","2023-01-27","I","69.93"
"1028218","2023-01-25","A","71.2"
"1028224","2023-01-25","I","60.79"
"1028226","2023-01-28","A","50.24"
"1028294","2023-02-02","I","17.63"
"1028295","2023-01-31","I","125.66"
"1028295","2023-02-01","I","108.74911798266912"
"1028308","2023-01-27","I","145.69"
"1028313","2023-01-26","A","126.6"
"1028315","2023-01-29","I","84.46"
"1028348","2023-01-28","A","87.9"
"1028400","2023-02-06","I","64.68"
"1028444","2023-02-03","I","46.79"
"1028453","2023-01-25","I","28.28"
"1028457","2023-01-26","I","7.84"
"1028466","2023-01-30","A","67.64"
"1028489","2023-01-25","I","85.98"
"1028504","2023-02-05","I","54.34"
"1028514","2023-01-28","A","38.19"
"1028554","2023-01-30","I","56.33"
"1028576","2023-01-26","A","94.36"
"1028578","2023-01-28","A","150.73"
"1028578","2023-01-30","A","99.46693181985906"
"1028585","2023-01-27","I","41.59"
"1028610","2023-01-26","A","67.11"
"1028610","2023-01-29","A","19.032754509247795"
"1028760","2023-01-30","A","65.88"
"1028763","2023-01-29","A","12.83"
"1028764","2023-01-26","I","126.94"
"1028782","2023-01-30","I","17.38"
"1028834","2023-01-28","I","109.28"
"1028873","2023-01-28","A","58.61"
"1028876","2023-01-29","A","28.51"
"1028961","2023-01-31","I","220.27"
"1028967","2023-01-27","I","57.34"
"1028970","2023-01-27","A","40.51"
"1028970","2023-01-31","A","5.663813278749249"
"1029026","2023-01-31","I","44.31"
"1029041","2023-01-26","A","20.38"
"1029052","2023-02-02","A","34.84"
"1029080","2023-02-04","I","166.71"
"1029093","2023-01-27","A","35.64"
"1029147","2023-01-28","A","138.27"
"1029235","2023-02-02","A","121.26"
"1029281","2023-01-30","I","31.93"
"1029294","2023-01-26","A","36.13"
"1029326","2023-01-26","A","122.58"
"1029358","2023-02-05","I","9"
"1029379","2023-01-31","A","33.48"
"1029406","2023-01-25","A","36.72"
"1029407","2023-02-01","A","58.76"
"1029443","2023-01-27","I","32.49"
"1029444","2023-01-26","I","35.18"
"1029472","2023-02-05","I","58.62"
"1029501","2023-01-31","I","51.94"
"1029583","2023-01-28","A","77.62"
"1029586","2023-02-05","I","46.15"
"1029630","2023-01-27","A","52.56"
"1029639","2023-01-28","A","29.35"
"1029684","2023-01-25","I","57.38"
"1029709","2023-02-03","I","48.24"
"1029740","2023-01-25","A","24.16"
"1029758","2023-01-28","I","201.96"
"1029768","2023-01-31","I","28.9"
"1029796","2023-01-25","I","54.54"
"1029810","2023-01-26","I","53.61"
"1029872","2023-01-30","A","23"
"1029874","2023-01-25","I","35.98"
"1029920","2023-01-25","I","34.93"
"1029937","2023-01-25","I","92.09"
"1029973","2023-01-25","A","72.43"
"1030017","2023-02-02","A","114.33"
"1030059","2023-01-25","A","26.68"
"1030201","2023-01-25","I","315.79999999999995"
"1030218","2023-01-26","I","46.13"
"1030220","2023-01-25","A","63.14"
"1030245","2023-01-25","A","202.8"
"1030250","2023-01-25","A","18.47"
"1030263","2023-01-27","A","45.09"
"1030278","2023-01-25","I","20.26"
"1030282","2023-01-25","A","13.36"
"1030291","2023-02-01","I","77.5"
"1030291","2023-02-02","I","74.8478003594863"
"1030292","2023-01-27","A","74.65"
"1030293","2023-01-29","I","53.74"
"1030317","2023-01-26","A","59.62"
"1030319","2023-01-25","I","148"
"1030334","2023-01-28","I","78.6"
"1030359","2023-01-25","I","91.09"
"1030428","2023-01-30","A","55.39"
"1030458","2023-01-25","I","40.97"
"1030470","2023-02-03","I","72.83"
"1030480","2023-01-26","I","21.42"
"1030499","2023-01-25","A","80.37"
"1030502","2023-01-29","I","67.49"
"1030615","2023-02-06","I","29.7"
"1030623","2023-01-25","A","27.18"
"1030624","2023-01-30","I","6.35"
"1030642","2023-02-01","A","70.8"
"1030647","2023-01-25","A","97.33"
"1030673","2023-01-25","I","72.91"
"1030680","2023-01-29","A","15.86"
"1030697","2023-01-28","I","70.82"
"1030735","2023-01-26","A","92.85"
"1030777","2023-01-27","I","149.96"
"1030790","2023-01-28","A","35.29"
"1030815","2023-01-25","I","116.19"
"1030836","2023-01-25","A","126.3"
"1030844","2023-01-27","I","33.75"
"1030869","2023-01-30","I","42.42"
"1030901","2023-01-26","A","20.67"
"1030904","2023-01-31","A","42.98"
"1030934","2023-02-02","I","77.51"
"1030941","2023-01-25","I","69.61"
"1030971","2023-01-25","A","75.59"
"1030983","2023-02-01","I","20.04"
"1030986","2023-01-30","I","59.59"
"1031028","2023-01-28","I","49.01"
"1031053","2023-01-27","I","109.69"
"1031098","2023-01-30","A","47.98"
"1031120","2023-01-29","I","38.48"
"1031137","2023-02-05","I","42.69"
"1031157","2023-01-29","A","110.67"
"1031188","2023-02-06","A","92.72"
"1031208","2023-02-05","I","50.56"
"1031208","2023-02-06","I","49.04292787883358"
"1031218","2023-01-27","A","109.2"
"1031239","2023-01-25","A","109.53"
"1031240","2023-01-30","A","103.06"
"1031254","2023-02-01","I","123.25"
"1031273","2023-01-26","A","38.1"
"1031277","2023-01-25","A","26.03"
"1031305","2023-01-25","I","67.24"
"1031344","2023-01-27","I","35.94"
"1031383","2023-02-04","I","40.65"
"1031387","2023-01-29","I","86.11"
"1031412","2023-02-02","A","22.39"
"1031476","2023-01-26","A","46.13"
"1031504","2023-01-25","I","35.47"
"1031544","2023-01-26","A","80.88"
"1031570","2023-01-25","A","23.55"
"1031580","2023-01-31","I","65.57"
"1031596","2023-02-01","I","122.85"
"1031597","2023-02-06","I","36.01"
"1031608","2023-01-31","A","77.28"
"1031635","2023-01-26","I","30.77"
"1031637","2023-01-31","I","88.75"
"1031649","2023-01-26","A","19.69"
"1031672","2023-01-25","A","14.43"
"1031692","2023-01-27","I","96"
"1031698","2023-02-03","I","9.18"
"1031703","2023-01-26","A","54.44"
"1031730","2023-01-29","I","48.99"
"1031736","2023-02-03","I","59.24"
"1031756","2023-01-26","I","10.75"
"1031763","2023-01-25","A","105.7"
"1031801","2023-01-31","I","53.3"
"1031815","2023-01-25","I","22.12"
"1031823","2023-01-28","I","111.57"
"1031836","2023-01-26","A","9.14"
"1031850","2023-02-02","I","32.89"
"1031855","2023-01-25","I","26.2"
"1031917","2023-01-25","null","67.72"
"1031928","2023-01-26","I","86.56"
"1031938","2023-01-31","A","8.28"
"1031941","2023-02-04","I","56.36"
"1031965","2023-01-27","A","28.53"
"1032045","2023-02-05","I","168.01"
"1032050","2023-02-02","I","69.46"
"1032056","2023-02-06","A","39.04"
"1032065","2023-01-25","A","82.91"
"1032065","2023-01-29","A","80.40722837298402"
"1032083","2023-01-25","I","93.91"
"1032121","2023-01-26","I","65.94"
"1032121","2023-01-27","I","30.645183956091085"
"1032122","2023-01-28","A","32.41"
"1032138","2023-02-01","A","76.98"
"1032141","2023-02-02","I","128.52"
"1032165","2023-01-27","I","75.93"
"1032228","2023-01-27","A","20.24"
"1032249","2023-01-28","I","88.5"
"1032254","2023-02-01","I","156.76"
"1032265","2023-01-28","I","38.92"
"1032330","2023-01-29","A","35.83"
"1032365","2023-01-27","I","8.83"
"1032380","2023-02-06","I","67.92"
"1032382","2023-01-26","I","17.35"
"1032430","2023-01-29","A","37.5"
"1032466","2023-01-25","I","128.1"
"1032555","2023-01-26","I","180.32"
"1032588","2023-01-25","A","106.32"
"1032589","2023-02-05","A","15.61"
"1032604","2023-02-04","I","159.02"
"1032608","2023-01-26","A","98.87"
"1032615","2023-01-25","A","56.9"
"1032680","2023-01-26","A","58.79"
"1032700","2023-02-02","I","25.13"
"1032725","2023-01-25","I","32.73"
"1032735","2023-01-27","I","166.06"
"1032793","2023-02-06","I","204.69"
"1032823","2023-02-06","I","51.3"
"1032843","2023-01-26","I","58.83"
"1032856","2023-01-27","I","63.53"
"1032927","2023-01-26","I","62.82"
"1032941","2023-01-27","I","43.45"
"1033052","2023-01-26","I","58.15"
"1033075","2023-01-26","A","29.2"
"1033117","2023-02-04","A","20.47"
"1033117","2023-02-05","A","9.45910552915774"
"1033161","2023-01-30","A","134.09"
"1033177","2023-02-01","A","41.32"
"1033206","2023-01-27","I","25.12"
"1033211","2023-01-25","A","69.87"
"1033247","2023-01-26","A","66.44"
"1033250","2023-01-25","I","168.85"
"1033285","2023-02-02","A","27.82"
"1033298","2023-01-25","A","13.93"
"1033328","2023-01-25","I","80.88"
"1033347","2023-02-02","I","38.16"
"1033360","2023-01-30","A","62.18"
"1033380","2023-01-26","I","26.1"
"1033394","2023-01-25","I","58.7"
"1033442","2023-01-26","A","18.49"
"1033448","2023-01-30","I","40.24"
"1033470","2023-01-29","A","77.61"
"1033474","2023-02-01","A","91.66"
"1033487","2023-01-26","I","87.36"
"1033496","2023-01-30","A","38.97"
"1033518","2023-01-26","A","48.41"
"1033523","2023-02-03","I","174"
"1033557","2023-02-04","I","38.9"
"1033604","2023-01-25","A","84.91"
"1033604","2023-01-28","A","62.09012658717688"
"1033644","2023-01-26","I","41.3"
"1033706","2023-02-01","I","98.17"
"1033710","2023-01-27","A","27.56"
"1033728","2023-01-26","A","135.82"
"1033734","2023-02-01","A","66.86"
"1033831","2023-01-25","A","83.88"
"1033838","2023-01-26","A","46.12"
"1033857","2023-01-25","I","84.03"
"1033863","2023-01-25","I","23.31"
"1033892","2023-02-01","A","80.73"
"1033981","2023-01-26","A","126.51"
"1033983","2023-01-31","A","18.49"
"1033989","2023-01-25","A","34.54"
"1034005","2023-01-27","I","19.3"
"1034005","2023-01-31","I","11.804334476615535"
"1034029","2023-01-31","I","106.53"
"1034036","2023-01-29","A","14.62"
"1034129","2023-02-05","A","26.11"
"1034133","2023-01-25","A","66.6"
"1034148","2023-01-27","I","64.41"
"1034161","2023-01-30","I","48.9"
"1034168","2023-01-26","A","70.46"
"1034200","2023-01-27","A","35"
"1034225","2023-01-25","I","58.53"
"1034257","2023-02-06","A","97.92"
"1034321","2023-01-30","I","69.79"
"1034338","2023-01-25","I","47.42"
"1034444","2023-01-28","I","57.1"
"1034447","2023-02-02","I","45.15"
"1034464","2023-01-28","I","115.61"
"1034524","2023-01-27","I","25.61"
"1034578","2023-01-27","I","61.61"
"1034599","2023-01-26","A","55.74"
"1034638","2023-01-28","A","111.76"
"1034737","2023-02-03","A","33.53"
"1034752","2023-01-31","A","64.4"
"1034818","2023-01-25","I","28.34"
"1034831","2023-01-25","A","121.52"
"1034844","2023-01-25","I","28.52"
"1034863","2023-01-26","I","49.17"
"1034864","2023-01-28","I","107.53"
"1034993","2023-01-25","A","49.63"
"1034993","2023-01-26","A","40.262501915247526"
"1035018","2023-01-30","I","188.95"
"1035025","2023-02-01","I","44.95"
"1035026","2023-01-28","A","37.03"
"1035047","2023-01-29","A","54.01"
"1035052","2023-01-25","I","248.97"
"1035057","2023-01-28","I","12.26"
"1035057","2023-01-31","I","1.9400200085408048"
"1035067","2023-01-26","A","86.64"
"1035069","2023-01-31","A","111.25"
"1035073","2023-01-25","I","188.31"
"1035081","2023-02-02","I","43.98"
"1035089","2023-01-26","I","32.89"
"1035112","2023-01-26","I","26.95"
"1035115","2023-01-25","I","1.44"
"1035132","2023-02-04","A","217.72"
"1035145","2023-01-25","I","47.23"
"1035194","2023-02-05","A","126.86"
"1035202","2023-01-31","A","116.01"
"1035252","2023-01-28","A","46.88"
"1035283","2023-01-29","I","24.09"
"1035284","2023-01-28","A","73.05"
"1035289","2023-02-03","A","96.56"
"1035383","2023-01-26","A","33.41"
"1035407","2023-01-25","I","139.24"
"1035457","2023-01-27","I","40.04"
"1035508","2023-02-01","A","48.31"
"1035511","2023-01-28","I","74.73"
"1035542","2023-02-02","I","60.52"
"1035574","2023-01-28","I","39.3"
"1035619","2023-01-28","I","50.9"
"1035682","2023-01-29","A","95.11"
"1035747","2023-01-26","I","44.67"
"1035770","2023-01-27","I","40.81"
"1035771","2023-02-01","I","21.15"
"1035771","2023-02-02","I","18.15917770214083"
"1035832","2023-02-03","I","33.85"
"1035837","2023-01-28","I","20.65"
"1035860","2023-01-26","I","43"
"1035885","2023-01-28","I","215.49"
"1035887","2023-01-30","A","73.25"
"1035888","2023-02-02","I","9.72"
"1035892","2023-01-25","A","40.69"
"1035916","2023-01-25","A","49.41"
"1035948","2023-01-28","I","42.03"
"1035953","2023-01-25","I","104.7"
"1035978","2023-01-26","A","14.07"
"1036075","2023-02-01","I","136.4"
"1036125","2023-01-28","I","126.81"
"1036126","2023-01-25","A","75.31"
"1036174","2023-01-26","I","195.46"
"1036182","2023-01-26","A","132"
"1036211","2023-02-04","A","42.32"
"1036236","2023-01-27","A","25.52"
"1036281","2023-01-27","I","267.8"
"1036286","2023-01-27","I","65.54"
"1036377","2023-01-29","A","60.27"
"1036379","2023-01-26","A","88.32"
"1036427","2023-01-25","I","93.88"
"1036447","2023-01-25","null","3.78"
"1036452","2023-01-28","I","138.89"
"1036466","2023-02-04","A","69.04"
"1036494","2023-01-31","I","21.68"
"1036549","2023-01-26","A","130.07"
"1036568","2023-01-25","I","41.58"
"1036575","2023-02-06","A","8.69"
"1036611","2023-01-26","A","120.98"
"1036615","2023-01-30","I","88.61"
"1036624","2023-02-04","A","96.96"
"1036673","2023-01-29","A","36.96"
"1036693","2023-01-25","A","88.96"
"1036737","2023-01-25","A","47.33"
"1036749","2023-01-31","A","24.52"
"1036756","2023-01-27","I","94.8"
"1036788","2023-02-03","I","82.73"
"1036803","2023-01-26","A","109.58"
"1036805","2023-01-25","A","62.09"
"1036842","2023-01-26","A","52.96"
"1036849","2023-01-30","A","57.35"
"1036867","2023-01-28","A","90.99"
"1036896","2023-02-03","I","53.79"
"1036896","2023-02-04","I","51.09275865059553"
"1036929","2023-01-30","I","27.07"
"1036967","2023-02-01","A","41.53"
"1037000","2023-01-27","I","35.49"
"1037062","2023-01-29","I","142.72"
"1037101","2023-01-27","A","53.33"
"1037101","2023-01-28","A","0.8150576432069109"
"1037136","2023-01-28","A","72.96"
"1037141","2023-01-27","A","105.19"
"1037144","2023-01-27","A","90.63"
"1037156","2023-02-02","A","26.89"
"1037159","2023-01-31","I","54.44"
"1037204","2023-01-27","I","39.94"
"1037215","2023-01-30","I","80.31"
"1037215","2023-01-31","I","104.44030255766054"
"1037220","2023-01-25","I","65.92"
"1037243","2023-01-27","A","91.16"
"1037255","2023-01-26","I","30.04"
"1037261","2023-01-29","I","94.34"
"1037296","2023-01-27","I","133.28"
"1037296","2023-01-31","I","110.28280906854296"
"1037304","2023-01-28","A","49.45"
"1037385","2023-01-28","A","106.92"
"1037406","2023-02-04","A","9.89"
"1037419","2023-01-25","I","36.43"
"1037457","2023-01-28","A","107.42"
"1037474","2023-01-25","A","67.24"
"1037475","2023-01-30","I","63.83"
"1037488","2023-02-01","A","52.32"
"1037494","2023-01-28","A","125.92"
"1037502","2023-01-29","A","76.99"
"1037502","2023-01-31","A","13.028502853749725"
"1037516","2023-01-31","I","34.23"
"1037523","2023-01-26","A","31.55"
"1037587","2023-01-25","A","56.02"
"1037611","2023-01-28","A","23.14"
"1037656","2023-01-29","A","51.55"
"1037672","2023-01-26","I","14.63"
"1037673","2023-01-26","I","188.8"
"1037680","2023-02-04","A","81.77"
"1037691","2023-01-25","A","154.34"
"1037712","2023-02-03","A","74.61"
"1037715","2023-01-28","A","58.32"
"1037734","2023-01-28","A","25.35"
"1037772","2023-02-06","A","33.34"
"1037783","2023-02-06","I","46.74"
"1037803","2023-01-26","A","41.57"
"1037839","2023-02-04","A","45.8"
"1037863","2023-01-25","I","80.82"
"1037883","2023-01-27","I","237.45"
"1037888","2023-02-02","I","50.24"
"1037896","2023-01-25","A","57.62"
"1037910","2023-01-26","I","95.12"
"1037954","2023-01-28","I","60.17"
"1038005","2023-01-25","A","59.91"
"1038018","2023-01-25","A","34.38"
"1038025","2023-01-25","I","11.93"
"1038031","2023-01-28","A","70.38"
"1038039","2023-01-25","I","36.47"
"1038051","2023-01-28","I","61.87"
"1038060","2023-02-04","I","43.85"
"1038098","2023-01-28","A","579.0999999999999"
"1038119","2023-01-29","I","60.83"
"1038126","2023-01-30","A","38.86"
"1038144","2023-01-28","A","22.6"
"1038177","2023-01-28","I","19.97"
"1038233","2023-02-01","A","47.59"
"1038280","2023-01-30","A","25.14624804088384"
"1038280","2023-02-02","A","36.58"
"1038282","2023-01-27","A","176.86"
"1038289","2023-02-05","I","74.07"
"1038336","2023-01-25","I","77.63"
"1038341","2023-01-31","I","72.89"
"1038379","2023-02-05","A","107.36"
"1038380","2023-01-26","I","94.05"
"1038387","2023-02-01","A","28.5"
"1038396","2023-01-30","I","52.42"
"1038396","2023-02-02","I","29.951427922362928"
"1038421","2023-01-28","I","45.47"
"1038439","2023-01-25","A","200.89"
"1038490","2023-01-28","A","85.13"
"1038524","2023-01-30","A","47.96"
"1038528","2023-01-30","A","89.39"
"1038566","2023-01-27","A","19.58"
"1038571","2023-01-26","A","46.95"
"1038575","2023-02-04","A","38.86"
"1038579","2023-01-25","I","23.9"
"1038588","2023-01-25","I","13.15"
"1038594","2023-01-28","A","23.77"
"1038608","2023-01-30","A","36.23"
"1038631","2023-02-05","I","22.67"
"1038646","2023-01-27","A","42.05"
"1038651","2023-01-25","I","46.06"
"1038733","2023-02-01","A","90.78"
"1038733","2023-02-03","A","35.0008796139936"
"1038750","2023-01-25","I","45.49"
"1038756","2023-01-27","A","174.74"
"1038758","2023-02-05","A","26.28"
"1038789","2023-01-26","I","37.06"
"1038805","2023-01-25","A","22.15"
"1038825","2023-01-29","A","57.59"
"1038825","2023-01-31","A","37.96790692230503"
"1038848","2023-01-29","A","87.34"
"1038852","2023-01-30","A","53.4"
"1038905","2023-01-26","A","109.62"
"1038905","2023-01-31","A","84.08250109959654"
"1038929","2023-02-02","I","95.84"
"1038975","2023-01-29","I","36.7"
"1038986","2023-01-30","I","51.17"
"1039003","2023-01-28","I","29.36"
"1039030","2023-01-26","I","17.21"
"1039062","2023-01-27","I","127.82"
"1039136","2023-01-26","I","87.11"
"1039148","2023-02-03","I","31.16"
"1039156","2023-01-28","A","12.08"
"1039161","2023-01-31","I","31.08"
"1039175","2023-01-27","A","83.08"
"1039195","2023-01-29","I","9.5"
"1039244","2023-01-26","I","48.86"
"1039260","2023-01-26","A","51.39"
"1039274","2023-01-27","A","96.09"
"1039304","2023-01-26","A","42.35"
"1039317","2023-01-25","I","24.93"
"1039331","2023-01-26","I","18"
"1039368","2023-01-26","A","53.22"
"1039384","2023-01-27","I","53.32"
"1039401","2023-01-29","I","45.3"
"1039543","2023-01-25","A","105.55"
"1039566","2023-02-06","I","28.06"
"1039606","2023-01-29","A","84.54"
"1039688","2023-01-27","I","67.63"
"1039715","2023-01-28","A","36.71"
"1039750","2023-01-28","A","38.04"
"1039797","2023-01-26","A","97.49"
"1039816","2023-01-25","I","111.66"
"1039865","2023-01-28","I","27.22"
"1039887","2023-01-27","A","47.06"
"1039909","2023-01-31","I","161.54"
"1039936","2023-01-25","A","95.47"
"1040039","2023-01-25","A","30.53"
"1040066","2023-01-29","A","22.5"
"1040145","2023-01-31","I","138.39"
"1040267","2023-01-25","I","74.24"
"1040303","2023-01-29","A","17.64"
"1040319","2023-01-29","A","83.85"
"1040329","2023-01-26","I","63.51"
"1040335","2023-01-31","I","97.67"
"1040374","2023-02-03","I","26.64"
"1040374","2023-02-06","I","6.607413962083772"
"1040392","2023-01-26","I","58.94"
"1040429","2023-02-01","I","43.63"
"1040462","2023-02-03","I","37.88"
"1040474","2023-01-26","A","60.43"
"1040474","2023-01-27","A","44.42538745484693"
"1040512","2023-01-31","I","90.4"
"1040522","2023-01-31","A","94.36"
"1040522","2023-02-01","A","22.358850329696917"
"1040548","2023-01-28","A","71.61"
"1040565","2023-02-01","A","40.37"
"1040570","2023-01-27","A","85.94"
"1040626","2023-01-28","I","42.56"
"1040652","2023-01-29","I","196.7"
"1040660","2023-01-26","A","85.88"
"1040677","2023-01-25","I","84.44"
"1040680","2023-01-27","I","40.62"
"1040687","2023-01-27","A","94.11"
"1040722","2023-01-30","A","32.97"
"1040722","2023-02-03","A","29.120978826812653"
"1040747","2023-02-03","I","48.36"
"1040761","2023-01-30","A","50.05"
"1040816","2023-01-27","A","54.75"
"1040824","2023-01-31","I","39.51"
"1040840","2023-02-05","I","92.38"
"1040844","2023-01-27","I","161.8"
"1040872","2023-02-01","A","48.63"
"1040876","2023-01-29","I","34.78"
"1040886","2023-01-27","A","68.02"
"1041010","2023-01-28","I","44.52"
"1041018","2023-01-30","A","23.28"
"1041035","2023-01-29","I","63.79"
"1041077","2023-01-26","A","16.7"
"1041137","2023-01-26","A","135.91"
"1041210","2023-02-03","I","151.3"
"1041236","2023-01-26","A","30.62"
"1041273","2023-01-27","I","170.49"
"1041343","2023-01-25","I","228.2"
"1041346","2023-01-30","A","62.7"
"1041356","2023-02-02","I","71.92094497917796"
"1041356","2023-02-04","I","82.01"
"1041367","2023-02-02","A","26.09"
"1041401","2023-01-27","I","30.68"
"1041405","2023-01-30","I","19.23"
"1041435","2023-02-02","I","110.96"
"1041445","2023-01-27","A","153.55"
"1041459","2023-01-28","I","69.48"
"1041473","2023-02-02","I","65.88861435166386"
"1041500","2023-01-25","I","78.86"
"1041527","2023-01-31","A","50.05"
"1041529","2023-01-26","A","79.36"
"1041568","2023-01-31","I","50.7"
"1041583","2023-02-02","I","72.83"
"1041617","2023-02-06","I","123.55"
"1041762","2023-01-27","A","87.89"
"1041787","2023-01-26","I","1659.4"
"1041807","2023-01-25","A","18.57"
"1041838","2023-02-02","I","90.56"
"1041838","2023-02-05","I","42.079537764559845"
"1041862","2023-01-30","A","31.86"
"1041865","2023-01-27","I","125.46"
"1041892","2023-02-01","A","5.56"
"1041905","2023-01-26","I","29.22"
"1041923","2023-02-04","I","38.63"
"1041944","2023-01-28","I","23.49"
"1041988","2023-01-31","I","90.88"
"1042039","2023-01-28","I","73.61"
"1042092","2023-01-25","A","63.27"
"1042128","2023-02-03","I","73.63"
"1042128","2023-02-05","I","23.10364036815313"
"1042173","2023-02-02","A","52.93"
"1042184","2023-01-28","I","71.32"
"1042214","2023-01-27","A","41.29"
"1042216","2023-01-30","A","21.8"
"1042216","2023-02-02","A","14.61988743564672"
"1042254","2023-02-06","I","51.27"
"1042262","2023-01-27","I","76.2"
"1042285","2023-02-05","I","99.28"
"1042285","2023-02-06","I","48.2733810306442"
"1042287","2023-01-26","I","109.23"
"1042306","2023-01-30","I","100.8"
"1042322","2023-01-27","I","46.82"
"1042359","2023-01-29","I","96.44"
"1042373","2023-01-29","I","16.49"
"1042396","2023-01-29","I","127.74"
"1042411","2023-01-28","I","162.86"
"1042423","2023-01-28","A","89.24"
"1042424","2023-02-05","A","262.29"
"1042470","2023-02-02","I","89.25"
"1042494","2023-01-26","I","34.81"
"1042607","2023-01-27","I","52.61"
"1042633","2023-01-27","A","18.38"
"1042672","2023-01-25","A","18.1"
"1042697","2023-01-26","I","92.64"
"1042741","2023-02-05","A","127.55"
"1042745","2023-02-04","A","161.44"
"1042775","2023-01-25","A","45.57"
"1042836","2023-01-25","I","22.26"
"1042864","2023-02-06","null","63.35"
"1042868","2023-01-26","I","39.24"
"1042884","2023-01-25","I","86.65"
"1042889","2023-01-31","I","41.58"
"1042891","2023-01-27","A","34.1"
"1042915","2023-01-26","I","97.38"
"1042936","2023-01-25","I","151.75"
"1042953","2023-01-25","I","27.34"
"1042958","2023-02-06","A","43.7"
"1042972","2023-01-25","I","14.6"
"1042989","2023-02-04","I","40.41"
"1043043","2023-01-28","A","89.92"
"1043062","2023-01-26","I","158.36"
"1043070","2023-01-25","A","89.09"
"1043134","2023-01-26","I","59.79"
"1043139","2023-01-31","A","30.79"
"1043175","2023-01-27","A","53.83"
"1043302","2023-02-05","I","75"
"1043307","2023-01-26","I","45.92"
"1043319","2023-01-26","A","37.76"
"1043347","2023-02-01","I","35.29"
"1043386","2023-02-01","I","60.28"
"1043395","2023-02-06","I","68.84"
"1043407","2023-01-25","I","151.43"
"1043464","2023-01-31","A","44.89"
"1043465","2023-01-26","A","38.21"
"1043470","2023-02-04","A","45.72"
"1043491","2023-02-02","I","82.21"
"1043497","2023-02-04","I","59.27"
"1043531","2023-01-27","A","17.54"
"1043533","2023-01-29","I","85.71"
"1043539","2023-01-27","I","38.77"
"1043540","2023-01-30","I","70.21"
"1043573","2023-01-26","A","97.69"
"1043628","2023-01-28","I","65.78"
"1043645","2023-01-30","I","178.14"
"1043648","2023-01-25","I","82.57"
"1043666","2023-01-27","A","7.52"
"1043685","2023-01-28","A","68.07"
"1043711","2023-01-31","A","134.19"
"1043746","2023-02-04","I","74.05"
"1043748","2023-01-29","I","30.02"
"1043749","2023-02-01","A","61.65"
"1043758","2023-01-26","I","24.6"
"1043763","2023-02-04","A","12.57"
"1043763","2023-02-06","A","9.427516529820434"
"1043811","2023-02-06","A","8.55"
"1043833","2023-01-27","I","30.2"
"1043835","2023-02-01","A","425.4"
"1043855","2023-01-26","I","98.13"
"1043895","2023-02-05","I","49.13"
"1043919","2023-01-30","A","146.86"
"1043922","2023-01-25","A","54.91"
"1043951","2023-01-28","I","18.4"
"1043953","2023-01-29","I","72.06"
"1043954","2023-02-05","I","21.31"
"1043963","2023-01-28","A","55.44"
"1043975","2023-01-25","I","54.15"
"1044036","2023-01-26","I","76.29"
"1044066","2023-01-27","I","185.26"
"1044067","2023-01-26","I","73.41"
"1044072","2023-01-28","I","114.8"
"1044074","2023-01-27","A","28.12"
"1044101","2023-01-25","A","229.02"
"1044133","2023-02-04","I","33.95"
"1044167","2023-01-26","I","39.36"
"1044176","2023-02-04","A","92.1"
"1044190","2023-01-30","I","58.97"
"1044190","2023-01-31","I","7.299479898438943"
"1044235","2023-01-31","A","37.14"
"1044238","2023-01-29","I","109.89"
"1044255","2023-01-31","I","147.24"
"1044267","2023-01-28","I","48.1"
"1044284","2023-02-05","A","70.78"
"1044360","2023-02-05","A","42.05"
"1044360","2023-02-06","A","17.124622938089214"
"1044364","2023-01-27","I","23.05"
"1044373","2023-01-28","A","45.49"
"1044387","2023-01-25","A","31.99"
"1044398","2023-01-25","I","62.94"
"1044441","2023-02-02","A","71.69"
"1044458","2023-01-25","A","95.93"
"1044459","2023-01-29","A","99.26"
"1044463","2023-01-25","I","27.64"
"1044528","2023-01-26","I","37.45"
"1044533","2023-01-27","I","95.41"
"1044543","2023-02-06","I","351.5"
"1044585","2023-01-28","A","54.75"
"1044625","2023-01-28","A","16.07"
"1044694","2023-01-26","A","190.91"
"1044703","2023-02-04","A","68.49"
"1044718","2023-01-25","A","21.79"
"1044735","2023-01-27","I","32.07"
"1044737","2023-01-25","A","16.38"
"1044775","2023-01-28","A","62.53"
"1044777","2023-01-30","A","97.66"
"1044785","2023-02-04","I","14.43"
"1044804","2023-01-29","A","53.65"
"1044812","2023-02-02","A","171.5"
"1044813","2023-01-27","A","111.98"
"1044815","2023-01-27","A","56.36"
"1044815","2023-01-30","A","21.160537266369754"
"1044819","2023-02-04","A","31.85"
"1044839","2023-02-02","I","110.7"
"1044844","2023-01-30","I","93.78"
"1044858","2023-01-27","A","33.99"
"1044865","2023-01-28","I","37.75"
"1044901","2023-01-25","A","64.63"
"1044910","2023-01-26","A","69.91"
"1044917","2023-01-25","I","31.05"
"1044965","2023-02-01","I","58.79"
"1044992","2023-01-27","I","139.33"
"1045016","2023-01-27","A","48.65"
"1045020","2023-01-26","I","77.61"
"1045027","2023-01-25","A","90.4"
"1045048","2023-02-01","A","40.63"
"1045058","2023-01-25","I","146.78"
"1045064","2023-01-30","I","70.7"
"1045065","2023-01-28","A","48.43"
"1045080","2023-02-05","I","61.68"
"1045082","2023-01-29","I","75.16"
"1045091","2023-01-26","I","41.79"
"1045094","2023-01-27","I","21.2"
"1045128","2023-02-01","A","20.87"
"1045206","2023-01-27","A","13.08"
"1045210","2023-02-05","A","87.92"
"1045250","2023-01-31","A","176.86"
"1045330","2023-01-26","I","114.48"
"1045345","2023-01-26","A","78.9"
"1045347","2023-01-26","I","188.52"
"1045384","2023-01-26","A","22.38"
"1045399","2023-01-26","A","17.45"
"1045400","2023-02-06","I","26.72"
"1045416","2023-02-04","I","20.48"
"1045426","2023-01-26","I","57.73"
"1045454","2023-01-30","I","56.32"
"1045456","2023-01-25","I","93.16"
"1045489","2023-01-30","I","80.4"
"1045519","2023-02-01","A","21.75"
"1045538","2023-01-25","I","129.67"
"1045561","2023-01-25","I","40.74"
"1045566","2023-01-29","I","35.13"
"1045583","2023-01-25","I","105.74"
"1045599","2023-01-27","I","48.4"
"1045599","2023-01-31","I","40.48616991871257"
"1045615","2023-01-31","I","156.71"
"1045615","2023-02-03","I","39.09341905852016"
"1045618","2023-01-26","I","124.86"
"1045642","2023-01-30","I","55.9"
"1045644","2023-02-03","I","60.62"
"1045677","2023-01-25","A","62.51"
"1045701","2023-01-29","I","29.12"
"1045726","2023-01-28","A","102.38"
"1045742","2023-01-29","A","49.05"
"1045759","2023-01-26","A","115.07"
"1045765","2023-01-28","A","60.2"
"1045773","2023-01-28","A","16.41"
"1045788","2023-01-25","I","10.9"
"1045841","2023-01-25","I","39.64"
"1045841","2023-01-26","I","7.953405099640904"
"1045871","2023-01-25","A","18.39"
"1045878","2023-01-30","A","45.27"
"1045885","2023-01-27","I","102.81"
"1045900","2023-01-28","A","92.77"
"1045960","2023-02-04","I","77.9"
"1045978","2023-01-25","I","94.39"
"1046056","2023-01-26","A","36.35"
"1046059","2023-01-25","I","63.27"
"1046097","2023-01-30","I","75.37"
"1046139","2023-01-26","I","46.65"
"1046160","2023-02-05","I","77.78"
"1046160","2023-02-06","I","43.63301442056291"
"1046167","2023-01-30","I","71.87"
"1046243","2023-02-05","A","62.18"
"1046264","2023-02-01","A","109.6"
"1046286","2023-01-28","I","18.05"
"1046340","2023-01-27","A","58.53"
"1046351","2023-01-26","A","59.91"
"1046359","2023-01-25","I","78.41"
"1046379","2023-01-28","I","55.38"
"1046409","2023-01-26","A","136.63"
"1046415","2023-02-04","I","49.97"
"1046431","2023-01-26","A","52.48"
"1046442","2023-01-29","A","51.63"
"1046443","2023-01-27","A","72.32"
"1046450","2023-01-30","I","120.68"
"1046454","2023-01-30","I","50.29"
"1046463","2023-01-26","I","84.14"
"1046487","2023-02-04","I","41.66"
"1046526","2023-01-26","I","38.55"
"1046550","2023-01-27","A","37.96"
"1046563","2023-01-26","A","13.43"
"1046581","2023-02-04","I","333.79"
"1046638","2023-02-03","A","86.9"
"1046703","2023-01-26","A","33.96"
"1046715","2023-01-31","A","44.76"
"1046717","2023-01-25","A","28.11"
"1046774","2023-01-25","I","67.49"
"1046778","2023-01-27","I","95.62"
"1046864","2023-02-01","I","29.09"
"1046864","2023-02-03","I","9.746687517298996"
"1046900","2023-01-30","A","80.14"
"1046912","2023-02-01","A","92.29"
"1046947","2023-01-26","I","34.9"
"1046967","2023-02-01","A","33.9"
"1046994","2023-01-25","I","55.73"
"1047003","2023-02-03","A","94.07"
"1047007","2023-01-31","I","47.78956197020148"
"1047007","2023-02-05","I","51.34"
"1047029","2023-01-31","A","116.36"
"1047029","2023-02-01","A","113.4493017683502"
"1047051","2023-01-25","A","28.27"
"1047053","2023-01-27","I","31.39"
"1047062","2023-01-25","I","60.4"
"1047082","2023-02-03","I","60.94"
"1047092","2023-02-02","I","27.12"
"1047096","2023-02-05","I","45.39"
"1047124","2023-01-28","A","59.18"
"1047127","2023-01-26","I","95.05"
"1047128","2023-01-31","I","170.87"
"1047128","2023-02-01","I","66.13746070277075"
"1047136","2023-01-27","I","67.68"
"1047163","2023-01-29","I","97.57"
"1047169","2023-01-26","A","76.16"
"1047193","2023-01-25","I","60.44"
"1047194","2023-01-26","I","180.65"
"1047196","2023-02-01","I","98.66"
"1047241","2023-01-25","A","99.13"
"1047263","2023-01-25","A","34.96"
"1047303","2023-01-25","I","25.99"
"1047318","2023-01-28","A","28.33"
"1047318","2023-01-29","A","20.86236826402508"
"1047334","2023-01-29","I","56.01"
"1047400","2023-02-03","I","27.63"
"1047411","2023-01-26","A","64.94"
"1047459","2023-02-02","I","100.72"
"1047464","2023-01-26","I","45.17"
"1047471","2023-01-26","A","60.15"
"1047495","2023-02-01","A","29.12"
"1047512","2023-01-25","A","97.59"
"1047514","2023-01-25","A","34.37"
"1047532","2023-01-25","I","37.7"
"1047533","2023-01-26","I","3.17"
"1047570","2023-01-25","I","115.09"
"1047622","2023-01-28","I","56.75"
"1047635","2023-01-30","A","125.3"
"1047639","2023-02-01","I","176.67"
"1047661","2023-01-27","A","69.01"
"1047661","2023-01-28","A","41.15915020606923"
"1047664","2023-01-26","A","47.9"
"1047670","2023-02-01","I","65.46"
"1047670","2023-02-03","I","1.689821874064934"
"1047709","2023-01-27","A","144.48"
"1047738","2023-01-28","I","46.94"
"1047741","2023-01-27","A","44.77"
"1047741","2023-01-31","A","3.5310864184359043"
"1047750","2023-02-06","I","7.02"
"1047770","2023-01-31","A","156.64"
"1047770","2023-02-01","A","3.6718018846624103"
"1047771","2023-01-26","A","86.6"
"1047780","2023-01-25","A","89.07"
"1047785","2023-01-30","I","24.89"
"1047793","2023-02-03","A","30.51"
"1047807","2023-02-01","A","55.28"
"1047911","2023-01-25","I","53.7"
"1047916","2023-01-28","A","38.63"
"1047939","2023-01-31","A","26.96"
"1047965","2023-01-26","I","44.72"
"1048027","2023-01-31","A","44.63"
"1048037","2023-01-25","A","53.27"
"1048057","2023-01-29","I","26.89"
"1048100","2023-01-25","I","64.93"
"1048156","2023-01-25","A","55.24"
"1048243","2023-01-30","I","21.43"
"1048273","2023-01-26","A","118.99"
"1048302","2023-01-31","A","28.24"
"1048302","2023-02-02","A","21.611622746030584"
"1048340","2023-01-26","A","67.99"
"1048373","2023-01-25","A","83.52"
"1048415","2023-01-29","I","61.39"
"1048483","2023-02-04","I","54.22"
"1048515","2023-01-29","I","131.65"
"1048538","2023-01-25","I","72.18"
"1048541","2023-01-26","A","375.8"
"1048557","2023-01-25","I","34.45"
"1048571","2023-01-31","I","20.77"
"1048575","2023-01-28","I","41.28"
"1048624","2023-01-27","A","14.37"
"1048673","2023-02-03","A","21.89"
"1048698","2023-01-27","I","43.39"
"1048742","2023-01-25","A","54.67"
"1048757","2023-01-30","I","115.44"
"1048763","2023-01-31","A","62.72"
"1048763","2023-02-06","A","28.852133712991872"
"1048808","2023-01-25","A","93.44"
"1048809","2023-02-05","I","64.38"
"1048842","2023-01-28","I","132.19"
"1048857","2023-01-25","A","109.67"
"1048858","2023-02-06","I","26.05"
"1048862","2023-01-27","A","64.8"
"1048938","2023-01-26","I","24.18"
"1048979","2023-01-28","I","65.79"
"1049009","2023-02-01","I","140.57"
"1049010","2023-01-25","I","44.68"
"1049048","2023-02-01","A","13.36"
"1049062","2023-01-25","A","33.65"
"1049091","2023-01-25","I","73.79"
"1049097","2023-01-26","A","119.64"
"1049191","2023-01-28","I","47.89"
"1049191","2023-01-29","I","26.330156189191094"
"1049225","2023-01-29","I","28.98"
"1049315","2023-01-25","A","96.08"
"1049319","2023-01-30","A","35.63"
"1049396","2023-02-04","I","48.44"
"1049415","2023-01-29","I","53.14"
"1049443","2023-01-29","A","12.98"
"1049473","2023-01-29","A","142.59"
"1049524","2023-01-27","A","45.48"
"1049589","2023-02-04","A","63.19"
"1049616","2023-01-29","I","53.03"
"1049616","2023-02-01","I","23.726531543027388"
"1049653","2023-01-27","I","41.69"
"1049658","2023-01-27","A","61.86"
"1049659","2023-01-25","I","447.6"
"1049698","2023-01-28","I","92.19"
"1049704","2023-01-27","I","405.8"
"1049729","2023-01-25","A","122.73"
"1049747","2023-01-26","I","42.86"
"1049747","2023-01-29","I","13.51786666280735"
"1049766","2023-02-05","A","61.07"
"1049819","2023-01-30","I","25.9"
"1049834","2023-02-04","I","160.35"
"1049874","2023-01-26","I","29.89"
"1049880","2023-01-26","I","186.69"
"1049891","2023-01-26","A","47.14"
"1049894","2023-01-25","I","34.05"
"1049927","2023-01-25","A","52.03"
"1049973","2023-01-31","A","85.93"